cluster,source,platform,target,next_platform,weight
6,Reddit/canadapoliticshumour,Reddit,twitter/Andrew AndrewScheer cdnpoli elxn43,twitter,1
6,twitter/Andrew AndrewScheer cdnpoli elxn43,twitter,twitter/ScheeringTheResume ScheerNotAsAdvertised scheerhomophobia elxn43 cdnpoli,twitter,1
6,twitter/ScheeringTheResume ScheerNotAsAdvertised scheerhomophobia elxn43 cdnpoli,twitter,twitter/cdnpoli Scheer climatestrike prideparade,twitter,1
6,twitter/cdnpoli Scheer climatestrike prideparade,twitter,twitter/onpoli cdnpoli canada elxn43,twitter,1
6,twitter/onpoli cdnpoli canada elxn43,twitter,twitter/elxn43 cdnpoli,twitter,1
6,twitter/elxn43 cdnpoli,twitter,twitter/ScheeringTheResume ScheerLies ScheerHypocrisy ChooseForward elxn43,twitter,1
13,twitter/cdnpoli elx43,twitter,twitter/cdnpoli Elexn43,twitter,1
13,twitter/cdnpoli Elexn43,twitter,twitter/elxn43 cdnpoli,twitter,1
13,twitter/elxn43 cdnpoli,twitter,twitter/andrewscheer CPC elxn43 cdnpoli,twitter,1
13,twitter/andrewscheer CPC elxn43 cdnpoli,twitter,Reddit/canadapoliticshumour,Reddit,1
19,twitter/JustinTrudeau cdnpoli,twitter,twitter/elxn43 cdnpoli,twitter,1
19,twitter/elxn43 cdnpoli,twitter,twitter/Sinterklaas TrudeauMustGo cdnpoli,twitter,1
19,twitter/Sinterklaas TrudeauMustGo cdnpoli,twitter,twitter/MondayMotivation elxn43 blackface,twitter,1
19,twitter/MondayMotivation elxn43 blackface,twitter,4chan/pol,4chan,1
23,twitter/cdnpoli elxn43 BreakingNews,twitter,twitter/blackface cdnpoli,twitter,1
23,twitter/blackface cdnpoli,twitter,twitter/blackface brownface cdnpoli elxn43,twitter,1
23,twitter/blackface brownface cdnpoli elxn43,twitter,Reddit/metacanada,Reddit,1
23,Reddit/metacanada,Reddit,4chan/pol,4chan,1
27,twitter/elxn43 cdnpoli FordIsFailing DrinkUpSuckers onpoli,twitter,4chan/pol,4chan,1
27,4chan/pol,4chan,Reddit/onguardforthee,Reddit,1
56,Reddit/canada,Reddit,twitter/TrudeauGrope TrudeauIsARacist cdnpoli,twitter,1
56,twitter/TrudeauGrope TrudeauIsARacist cdnpoli,twitter,twitter/elxn43 cdnpoli,twitter,1
56,twitter/elxn43 cdnpoli,twitter,twitter/canpoli justintrudeau topoli,twitter,1
56,twitter/canpoli justintrudeau topoli,twitter,twitter/cdnpoli elxn2019 Elexn43,twitter,1
56,twitter/cdnpoli elxn2019 Elexn43,twitter,twitter/elxn43 cdnpoli itsourvote,twitter,1
56,twitter/elxn43 cdnpoli itsourvote,twitter,twitter/JustinTrudeau brownface cdnpoli,twitter,1
56,twitter/JustinTrudeau brownface cdnpoli,twitter,twitter/cdnpoli TrudeauWorstPM canada maga,twitter,1
56,twitter/cdnpoli TrudeauWorstPM canada maga,twitter,twitter/JustinTrudeau cdnfp cdnpoli elxn43,twitter,1
56,twitter/JustinTrudeau cdnfp cdnpoli elxn43,twitter,twitter/Trudeau polcan,twitter,1
56,twitter/Trudeau polcan,twitter,twitter/cdnpoli Elexn43,twitter,1
56,twitter/cdnpoli Elexn43,twitter,twitter/cdnpoli ellxn43,twitter,1
56,twitter/cdnpoli ellxn43,twitter,Reddit/metacanada,Reddit,1
56,Reddit/metacanada,Reddit,twitter/racist groper cdnpoli,twitter,1
60,twitter/AndrewScheer elxn43 cdnpoli,twitter,Reddit/canadapoliticshumour,Reddit,1
60,Reddit/canadapoliticshumour,Reddit,twitter/AndrewScheer elx43 cdnpoli,twitter,1
60,twitter/AndrewScheer elx43 cdnpoli,twitter,twitter/elxn43 cdnpoli,twitter,1
61,twitter/elxn43 cdnpoli,twitter,twitter/elxn43 cdnpoli ScheerDisaster,twitter,1
61,twitter/elxn43 cdnpoli ScheerDisaster,twitter,twitter/elxn43 nspoli canpoli,twitter,1
61,twitter/elxn43 nspoli canpoli,twitter,Facebook/Leftist Memes for New Democrat Teens,Facebook,1
61,Facebook/Leftist Memes for New Democrat Teens,Facebook,twitter/cndpoli Vote,twitter,1
76,twitter/elxn43 cdnpoli,twitter,twitter/WhyScheerLost cdnpoli,twitter,1
76,twitter/WhyScheerLost cdnpoli,twitter,twitter/YANKEEdoodleAndy elxn43,twitter,1
76,twitter/YANKEEdoodleAndy elxn43,twitter,twitter/StopScheer AmericAndy YankeeDoodleAndy elxn43,twitter,1
76,twitter/StopScheer AmericAndy YankeeDoodleAndy elxn43,twitter,Reddit/canadapoliticshumour,Reddit,1
76,Reddit/canadapoliticshumour,Reddit,twitter/AndrewScheer CPC Elexn43 ScheerHypocrisy leadersdebate2019,twitter,1
76,twitter/AndrewScheer CPC Elexn43 ScheerHypocrisy leadersdebate2019,twitter,twitter/ScheerAmerican YankeeDoodleAndy ScheersAmericanOperatives NoPlatformNoVote cdnpoli elxn43,twitter,1
76,twitter/ScheerAmerican YankeeDoodleAndy ScheersAmericanOperatives NoPlatformNoVote cdnpoli elxn43,twitter,twitter/StopScheer cdnpoli elxn43,twitter,1
76,twitter/StopScheer cdnpoli elxn43,twitter,twitter/cdnpoli canpoli StandonGuard,twitter,1
76,twitter/cdnpoli canpoli StandonGuard,twitter,twitter/elxn43 ChooseForwardWithTrudeau,twitter,1
76,twitter/elxn43 ChooseForwardWithTrudeau,twitter,twitter/ScheerNotAsAdvertised elxn43 cdnpoli,twitter,1
76,twitter/ScheerNotAsAdvertised elxn43 cdnpoli,twitter,twitter/StopScheer elxn43,twitter,1
76,twitter/StopScheer elxn43,twitter,Reddit/onguardforthee,Reddit,1
77,twitter/ONpoli elxn43 cdnpoli,twitter,4chan/pol,4chan,1
103,twitter/DefundCBC cdnpoli elxn43 TrudeauMustGo,twitter,Facebook/Team Scheer,Facebook,1
105,twitter/JustinTrudeaubrownface cdnpoli PPC2019 elx43,twitter,Reddit/metacanada,Reddit,1
114,twitter/AndrewScheer elxn43,twitter,Reddit/canadapoliticshumour,Reddit,1
114,Reddit/canadapoliticshumour,Reddit,twitter/ScheerLies cdnpoli,twitter,1
114,twitter/ScheerLies cdnpoli,twitter,twitter/AndrewScheer cdnpoli,twitter,1
114,twitter/AndrewScheer cdnpoli,twitter,twitter/ScheeringTheResume ScheerNotAsAdvertised cdnpoli CPC,twitter,1
114,twitter/ScheeringTheResume ScheerNotAsAdvertised cdnpoli CPC,twitter,twitter/canpoli cdnpoli StandonGuard,twitter,1
114,twitter/canpoli cdnpoli StandonGuard,twitter,twitter/cdnpoli canpoli elxn43 ChooseForward,twitter,1
114,twitter/cdnpoli canpoli elxn43 ChooseForward,twitter,twitter/cdnpoli Scheerlies,twitter,1
116,twitter/elxn43 cdnpoli,twitter,Reddit/canadaleft,Reddit,1
116,Reddit/canadaleft,Reddit,Facebook/Leftist Memes for New Democrat Teens,Facebook,1
153,twitter/MaximeBernier cdnpoli,twitter,Reddit/canadapoliticshumour,Reddit,1
163,twitter/cdnpoli elxn43 TrudeauMustGo,twitter,Facebook/Team Scheer,Facebook,1
194,Reddit/canadapoliticshumour,Reddit,twitter/Trudeau TrudeauBlackface cdnpoli,twitter,1
201,twitter/GretaThunberg elxn43 polcan,twitter,Reddit/metacanada,Reddit,1
206,twitter/StopScheer cdnpoli elxn43,twitter,twitter/AndrewScheer cdnpoli elxn43,twitter,1
206,twitter/AndrewScheer cdnpoli elxn43,twitter,Reddit/canadapoliticshumour,Reddit,1
206,Reddit/canadapoliticshumour,Reddit,twitter/elxn43 cdnpoli ScheerDesperation,twitter,1
206,twitter/elxn43 cdnpoli ScheerDesperation,twitter,twitter/weakandy scaredandy scheerlies cdnpoli elxn43,twitter,1
206,twitter/weakandy scaredandy scheerlies cdnpoli elxn43,twitter,twitter/AndrewScheer cdnpoli CPC,twitter,1
231,Reddit/canada,Reddit,twitter/hw cdnpoli,twitter,1
231,twitter/hw cdnpoli,twitter,twitter/elxn43 Election2019,twitter,1
231,twitter/elxn43 Election2019,twitter,4chan/pol,4chan,1
231,4chan/pol,4chan,twitter/leadersdebate2019 cdnpoli,twitter,1
257,twitter/TrudeauMustGo StopTheCoalition elxn43,twitter,twitter/elxn43 cdnpoli onpoli abpoli,twitter,1
257,twitter/elxn43 cdnpoli onpoli abpoli,twitter,Facebook/Canada Proud,Facebook,1
258,twitter/elxn43 cdnpoli,twitter,Facebook/Canada Proud,Facebook,1
267,twitter/cdnpoli elx43,twitter,Reddit/metacanada,Reddit,1
277,twitter/blackface cdnpoli elxn43 elxn2019 onpoli TOpoli ChooseForward,twitter,twitter/cdnpoli elxn43 elxn2019 onpoli TOpoli ChooseForward JustinTrudeau brownface Trudeau,twitter,1
277,twitter/cdnpoli elxn43 elxn2019 onpoli TOpoli ChooseForward JustinTrudeau brownface Trudeau,twitter,4chan/pol,4chan,1
282,Reddit/canadapoliticshumour,Reddit,twitter/liberals cdnpoli elxn43,twitter,1
282,twitter/liberals cdnpoli elxn43,twitter,twitter/TwoPlanesTrudeau JustinTwoPlanes TrudeauMustGo TrudeauTheHypocrite canpoli elxn43 polcan,twitter,1
282,twitter/TwoPlanesTrudeau JustinTwoPlanes TrudeauMustGo TrudeauTheHypocrite canpoli elxn43 polcan,twitter,twitter/cdnpoli TrudeauMustGo TrudeauMustGo TrudeauWorstPM TrudeauCorruption TrudeauCorruption,twitter,1
292,twitter/hw cdnpoli,twitter,twitter/JagmeetSingh NDP extinction,twitter,1
292,twitter/JagmeetSingh NDP extinction,twitter,twitter/cdnpoli SNCLavalin,twitter,1
292,twitter/cdnpoli SNCLavalin,twitter,twitter/elxn43 canpoli,twitter,1
292,twitter/elxn43 canpoli,twitter,4chan/pol,4chan,1
301,Facebook/Don't Drink the Canadian Cool-Aid,Facebook,twitter/LPC cdnpoli elxn43,twitter,1
301,twitter/LPC cdnpoli elxn43,twitter,twitter/elxn43 cdnpoli,twitter,1
301,twitter/elxn43 cdnpoli,twitter,twitter/Canada TrudeauCorruption TrudeauBlackface cdnpoli,twitter,1
301,twitter/Canada TrudeauCorruption TrudeauBlackface cdnpoli,twitter,4chan/pol,4chan,1
319,Facebook/Leftist Memes for New Democrat Teens,Facebook,Reddit/ndp,Reddit,1
320,twitter/Leadersdebate cdnpoli elxn43,twitter,4chan/pol,4chan,1
321,twitter/elxn43 cdnpoli,twitter,twitter/InItForYou elxn43 cdnpoli,twitter,1
321,twitter/InItForYou elxn43 cdnpoli,twitter,Facebook/Leftist Memes for New Democrat Teens,Facebook,1
324,twitter/jagmeetsingh cdnpoli elxn43 Debatenight,twitter,Reddit/ndp,Reddit,1
351,twitter/elxn43 cdnpoli,twitter,twitter/elxn43 CDNvote2019,twitter,1
351,twitter/elxn43 CDNvote2019,twitter,Reddit/canadapoliticshumour,Reddit,1
359,Facebook/Justin Trudno,Facebook,twitter/TrudeauTheHyprocrite elxn43 cdnpoli,twitter,1
359,twitter/TrudeauTheHyprocrite elxn43 cdnpoli,twitter,twitter/TrudeauTheHyprocrite cdnpoli elxn43,twitter,1
367,twitter/RuhRo Scheer Harper Trudeau CPC canpoli onpoli,twitter,Reddit/onguardforthee,Reddit,1
385,twitter/WEXITALBERTA wexit canpoli elxn43,twitter,4chan/pol,4chan,1
415,twitter/WednesdayWisdom cndpoli elx43 elxn43 TrudeauMustGo Trudeau brownface,twitter,twitter/wednesdaythoughts StopTheBias TrudeauMustGo elxn43 elx43 brownface,twitter,1
415,twitter/wednesdaythoughts StopTheBias TrudeauMustGo elxn43 elx43 brownface,twitter,twitter/WednesdayWisdom cndpoli TrudeauMustGo elxn43 elx43 Trudeau brownface blackface,twitter,1
415,twitter/WednesdayWisdom cndpoli TrudeauMustGo elxn43 elx43 Trudeau brownface blackface,twitter,twitter/elxn cdnpoli,twitter,1
415,twitter/elxn cdnpoli,twitter,Reddit/canadaleft,Reddit,1
415,Reddit/canadaleft,Reddit,4chan/pol,4chan,1
428,twitter/JustinTrudeau Brownface elxn43,twitter,twitter/cdnpoli TrudeauMustGo TrudeauBlackface,twitter,1
428,twitter/cdnpoli TrudeauMustGo TrudeauBlackface,twitter,Facebook/Justin Trudno,Facebook,1
428,Facebook/Justin Trudno,Facebook,twitter/elxn43 cdnpoli,twitter,1
428,twitter/elxn43 cdnpoli,twitter,4chan/pol,4chan,1
444,twitter/ChooseBlackward cdnpoli TrudeauTheHypocrite elxn43 TrudeauMustGo,twitter,twitter/elxn2019 cdnpoli TrudeauMustGo TrudeauBlackface,twitter,1
444,twitter/elxn2019 cdnpoli TrudeauMustGo TrudeauBlackface,twitter,twitter/Canadians elxn43,twitter,1
444,twitter/Canadians elxn43,twitter,twitter/Trudeau Obama Cdnpoli,twitter,1
444,twitter/Trudeau Obama Cdnpoli,twitter,twitter/Trudeau TrudeauBlackface cdnpoli elxn2019,twitter,1
444,twitter/Trudeau TrudeauBlackface cdnpoli elxn2019,twitter,twitter/Trudeau cdnpoli elxn43,twitter,1
444,twitter/Trudeau cdnpoli elxn43,twitter,Reddit/canada,Reddit,1
444,Reddit/canada,Reddit,twitter/TrudeauBlackface elxn43 cdnpoli,twitter,1
444,twitter/TrudeauBlackface elxn43 cdnpoli,twitter,twitter/TrudeauMustGo TrudeauBlackface cdnpoli canada news,twitter,1
444,twitter/TrudeauMustGo TrudeauBlackface cdnpoli canada news,twitter,twitter/cdnpoli TrudeauBlackface,twitter,1
444,twitter/cdnpoli TrudeauBlackface,twitter,twitter/elxn43 elxn2019 TrudeaulessTuesday cdnpoli,twitter,1
444,twitter/elxn43 elxn2019 TrudeaulessTuesday cdnpoli,twitter,twitter/cdnpoli elxn43 TrudeauBlackface Trudeaubrownface,twitter,1
444,twitter/cdnpoli elxn43 TrudeauBlackface Trudeaubrownface,twitter,twitter/ywg cdnpoli TrudeauBlackface,twitter,1
445,twitter/jagmeetsingh ndp cndpoli Election2019,twitter,Reddit/canadapoliticshumour,Reddit,1
469,twitter/tosunfront Trudeaublackface cdnpoli elxn43,twitter,twitter/TorontoSun Trudeaublackface elxn43 cdnpoli Torsun,twitter,1
469,twitter/TorontoSun Trudeaublackface elxn43 cdnpoli Torsun,twitter,Reddit/metacanada,Reddit,1
482,twitter/elxn43 cdnpoli,twitter,4chan/pol,4chan,1
489,Facebook/Canada Proud,Facebook,twitter/TrudeauMustGo SaveCanada elxn43,twitter,1
507,twitter/cdnpoli onpoli,twitter,Reddit/canadapoliticshumour,Reddit,1
507,Reddit/canadapoliticshumour,Reddit,twitter/DougFord elxn43,twitter,1
507,twitter/DougFord elxn43,twitter,twitter/LilDougie elxn43 cdnpoli,twitter,1
507,twitter/LilDougie elxn43 cdnpoli,twitter,twitter/elxn43 elxn19,twitter,1
513,twitter/cdnpoli tcot polcan politicstoday Truexit,twitter,Facebook/Old Stock Canadian,Facebook,1
562,twitter/cdnpoli cdnmedia,twitter,Reddit/onguardforthee,Reddit,1
580,twitter/minoritygovernment elxn43,twitter,Reddit/metacanada,Reddit,1
615,twitter/elxn43 CDNvote2019,twitter,twitter/elxn43 cdnpoli,twitter,1
615,twitter/elxn43 cdnpoli,twitter,Reddit/canadapoliticshumour,Reddit,1
630,twitter/elxn43 cdnpoli,twitter,Reddit/onguardforthee,Reddit,1
632,twitter/cdnpoli elxn2019 canadavotes2019 elxn43,twitter,Facebook/Justin Trudeau Not,Facebook,1
632,Facebook/Justin Trudeau Not,Facebook,Facebook/Mad Max Bernier,Facebook,1
632,Facebook/Mad Max Bernier,Facebook,4chan/pol,4chan,1
632,4chan/pol,4chan,nan,Facebook,1
648,Reddit/canada,Reddit,twitter/BrownFaceTrudeau cdnpoli elxn43,twitter,1
648,twitter/BrownFaceTrudeau cdnpoli elxn43,twitter,twitter/blackface BrownFaceTrudeau polcan Election2019 Elections2019,twitter,1
648,twitter/blackface BrownFaceTrudeau polcan Election2019 Elections2019,twitter,twitter/Harper TrudeauBlackface elxn43 polcan,twitter,1
648,twitter/Harper TrudeauBlackface elxn43 polcan,twitter,twitter/Harper TIME elxn43 polcan cdnpoli,twitter,1
648,twitter/Harper TIME elxn43 polcan cdnpoli,twitter,twitter/cdnpoli TrudeauMustGo BrownFaceTrudeau TrudeauBlackface,twitter,1
648,twitter/cdnpoli TrudeauMustGo BrownFaceTrudeau TrudeauBlackface,twitter,twitter/Cdnpoli TrudeauBlackface elxn43 22minutes CBC TrudeauMustGo,twitter,1
648,twitter/Cdnpoli TrudeauBlackface elxn43 22minutes CBC TrudeauMustGo,twitter,Reddit/metacanada,Reddit,1
648,Reddit/metacanada,Reddit,4chan/pol,4chan,1
659,twitter/elxn43 cdnpoli,twitter,4chan/pol,4chan,1
674,twitter/elxn43 cdnpoli,twitter,Facebook/Team Scheer,Facebook,1
678,twitter/elxn43 cdnpoli,twitter,twitter/cdnpoli Election2019,twitter,1
678,twitter/cdnpoli Election2019,twitter,twitter/cdnpoli elxn43 editorialcartoon,twitter,1
678,twitter/cdnpoli elxn43 editorialcartoon,twitter,Reddit/canadapoliticshumour,Reddit,1
688,Reddit/canada,Reddit,twitter/cdnpoli browngirlproblems,twitter,1
700,twitter/exln43 cdnpoli,twitter,Facebook/Canada Proud,Facebook,1
719,4chan/pol,4chan,twitter/HarryPotter elxn43 canadavotes2019,twitter,1
730,twitter/elxn43 cdnpoli,twitter,Reddit/canadapoliticshumour,Reddit,1
735,twitter/AndrewScheer cdnpoli,twitter,twitter/AndrewScheer canpoli CanadaVotes,twitter,1
735,twitter/AndrewScheer canpoli CanadaVotes,twitter,twitter/ChooseForward TrudeauMustStay cdnpoli,twitter,1
735,twitter/ChooseForward TrudeauMustStay cdnpoli,twitter,twitter/NeverScheer elxn43,twitter,1
735,twitter/NeverScheer elxn43,twitter,Reddit/canadapoliticshumour,Reddit,1
737,Facebook/Leftist Memes for New Democrat Teens,Facebook,twitter/elxn43 NDP,twitter,1
737,twitter/elxn43 NDP,twitter,Reddit/ndp,Reddit,1
774,twitter/abpoli cdnpoli Alberta,twitter,Reddit/canadapoliticshumour,Reddit,1
786,twitter/elxn43 cdnpoli,twitter,Reddit/canadapoliticshumour,Reddit,1
805,twitter/TwoPlaneTrudeau hypocrite cdnpoli elxn43,twitter,4chan/pol,4chan,1
819,twitter/DougFord cdnpoli,twitter,Reddit/canadapoliticshumour,Reddit,1
824,twitter/ableg abpoli cdnpoli elxn43,twitter,4chan/pol,4chan,1
828,twitter/ndp elxn43 cdnpoli,twitter,Facebook/Game Changers,Facebook,1
828,Facebook/Game Changers,Facebook,twitter/ndp cdnpoli elxn43,twitter,1
828,twitter/ndp cdnpoli elxn43,twitter,Reddit/ndp,Reddit,1
856,Facebook/Canada Proud,Facebook,twitter/elxn43 TrudeauMustGo,twitter,1
886,twitter/elxn43 cdnpoli,twitter,twitter/elex43 cdnpoli,twitter,1
886,twitter/elex43 cdnpoli,twitter,twitter/Election2019 DebateNight macleans canpoli,twitter,1
886,twitter/Election2019 DebateNight macleans canpoli,twitter,twitter/JagmeetSingh NDP JustinTrudeau TrudeauMustGo AndrewScheer,twitter,1
886,twitter/JagmeetSingh NDP JustinTrudeau TrudeauMustGo AndrewScheer,twitter,twitter/elxn43 macleansdebate,twitter,1
886,twitter/elxn43 macleansdebate,twitter,twitter/MIA cdnpoli,twitter,1
886,twitter/MIA cdnpoli,twitter,Reddit/canadapoliticshumour,Reddit,1
900,4chan/pol,4chan,twitter/TrudeauMustGo SaveCanada cdnpoli elxn43,twitter,1
900,twitter/TrudeauMustGo SaveCanada cdnpoli elxn43,twitter,twitter/elxn43 trudeaumustgo BrownFaceTrudeau blackface,twitter,1
918,twitter/elxn43 cdnpoli,twitter,twitter/elx43 canpoli abpoli,twitter,1
918,twitter/elx43 canpoli abpoli,twitter,Reddit/canada,Reddit,1
918,Reddit/canada,Reddit,twitter/cdnpoli elxn43 yeg Vancouver Victoria Montreal Halifax Edmonton Winnipeg,twitter,1
918,twitter/cdnpoli elxn43 yeg Vancouver Victoria Montreal Halifax Edmonton Winnipeg,twitter,4chan/pol,4chan,1
918,4chan/pol,4chan,twitter/cdnpoli CDNvote2019,twitter,1
918,twitter/cdnpoli CDNvote2019,twitter,Reddit/onguardforthee,Reddit,1
934,twitter/CanadaElection2019 elxn43,twitter,twitter/ScheerHypocrisy cdnpoli elxn43 VOTE,twitter,1
934,twitter/ScheerHypocrisy cdnpoli elxn43 VOTE,twitter,twitter/ElectionsCanada elxn43,twitter,1
934,twitter/ElectionsCanada elxn43,twitter,twitter/elxn43 cdnpoli,twitter,1
934,twitter/elxn43 cdnpoli,twitter,twitter/cdnpoli ItsOurVote elxn43,twitter,1
934,twitter/cdnpoli ItsOurVote elxn43,twitter,Facebook/OccupyCanada,Facebook,1
938,twitter/CanadaElection2019 elxn43,twitter,twitter/elxn43 cdnpoli,twitter,1
938,twitter/elxn43 cdnpoli,twitter,4chan/pol,4chan,1
940,twitter/elxn43 cdnelxn2019,twitter,twitter/cdnpoli elx43 cdnelxn2019,twitter,1
940,twitter/cdnpoli elx43 cdnelxn2019,twitter,Reddit/canadapoliticshumour,Reddit,1
944,twitter/cdnpoli elx43 ElectionsCanada,twitter,Reddit/onguardforthee,Reddit,1
946,Reddit/canadapoliticshumour,Reddit,twitter/elxn43 cdnpoli,twitter,1
947,Facebook/Leftist Memes for New Democrat Teens,Facebook,Reddit/ndp,Reddit,1
963,twitter/cdnpoli elx43 elxn2019 juliepayette,twitter,Reddit/canadapoliticshumour,Reddit,1
984,4chan/pol,4chan,twitter/CanadaFirst cdnpoli,twitter,1
984,twitter/CanadaFirst cdnpoli,twitter,4chan/pol,4chan,1
996,twitter/elxn43 canadavotes2019 CanadaDeservesBetter,twitter,twitter/DougFraud CPC,twitter,1
996,twitter/DougFraud CPC,twitter,twitter/elxn43 cdnpoli ChooseForwardWithTrudeau,twitter,1
996,twitter/elxn43 cdnpoli ChooseForwardWithTrudeau,twitter,twitter/ScheerNonsense ScheerDisaster KinsellaGate elxn43,twitter,1
996,twitter/ScheerNonsense ScheerDisaster KinsellaGate elxn43,twitter,Facebook/OccupyCanada,Facebook,1
1000,twitter/cdnpoli TrudeauMustGo Trudeau Liberal Conservatives Canada Canadian Liberals onpoli,twitter,twitter/TrudeauMustGo TrudeauCorruption cdnpoli elxn43,twitter,1
1000,twitter/TrudeauMustGo TrudeauCorruption cdnpoli elxn43,twitter,Facebook/Justin Trudeau Not,Facebook,1
1000,Facebook/Justin Trudeau Not,Facebook,twitter/TrudeauMustGo twatwaffle cdnpoli elxn43,twitter,1
1004,twitter/elxn43 cdnpoli,twitter,twitter/elx43 cdnpoli,twitter,1
1004,twitter/elx43 cdnpoli,twitter,Reddit/canadapoliticshumour,Reddit,1
1015,twitter/Elexn43 ElectoralReform LPC,twitter,Reddit/canadapoliticshumour,Reddit,1
1024,twitter/elxn43 cdnpoli yyc,twitter,4chan/pol,4chan,1
1034,twitter/ElectionsCanada elxn43 cdnpoli Scheer,twitter,twitter/onpoli cdnpoli topoli Election2019 ICYMI CPC_HQ,twitter,1
1034,twitter/onpoli cdnpoli topoli Election2019 ICYMI CPC_HQ,twitter,Reddit/canadapolitics,Reddit,1
1034,Reddit/canadapolitics,Reddit,Facebook/Leftist Memes for New Democrat Teens,Facebook,1
1034,Facebook/Leftist Memes for New Democrat Teens,Facebook,twitter/anybodybutscheer elx43 LiberalParty cdnpoli,twitter,1
1034,twitter/anybodybutscheer elx43 LiberalParty cdnpoli,twitter,twitter/cndpoli elxn43 AndrewTrump,twitter,1
1034,twitter/cndpoli elxn43 AndrewTrump,twitter,twitter/cdnpoli ScheerAmerican ScheerDisaster,twitter,1
1034,twitter/cdnpoli ScheerAmerican ScheerDisaster,twitter,twitter/AndrewScheer ScheerAmerican VoteNoCPC cdnpoli elxn43,twitter,1
1034,twitter/AndrewScheer ScheerAmerican VoteNoCPC cdnpoli elxn43,twitter,twitter/cdnpoli ScheerAmerican,twitter,1
1034,twitter/cdnpoli ScheerAmerican,twitter,twitter/TeamTrudeau LPC,twitter,1
1034,twitter/TeamTrudeau LPC,twitter,twitter/cdnpoli elxn2019 elxn43,twitter,1
1034,twitter/cdnpoli elxn2019 elxn43,twitter,twitter/YankeeDoodleAndy cdnpoli elxn43,twitter,1
1034,twitter/YankeeDoodleAndy cdnpoli elxn43,twitter,twitter/canpoli cdnpoli StandonGuard,twitter,1
1042,twitter/elxn43 cdnpoli,twitter,twitter/elxn43 Trudeau Trugrope,twitter,1
1042,twitter/elxn43 Trudeau Trugrope,twitter,Reddit/metacanada,Reddit,1
1049,4chan/pol,4chan,twitter/hamont onpoli elxn43,twitter,1
1070,twitter/TrudeauMustGo SaveCanada elxn43,twitter,Facebook/Canada Proud,Facebook,1
1073,Reddit/canadaleft,Reddit,twitter/elxn43 CanadaVotes,twitter,1
1091,4chan/pol,4chan,twitter/MakeMrBernierPM PeoplesPartyofCanada elxn43,twitter,1
1126,4chan/pol,4chan,twitter/cndpoli elxn43 LiberalCorruption TrudeauCorruption VoteThemAllOut,twitter,1
1126,twitter/cndpoli elxn43 LiberalCorruption TrudeauCorruption VoteThemAllOut,twitter,twitter/elxn43 ElectionDay ElectionsCanada Election2019,twitter,1
1126,twitter/elxn43 ElectionDay ElectionsCanada Election2019,twitter,twitter/AndysResume ScheeringTheResume elxn43 cdnpoli polcan,twitter,1
1149,twitter/elxn43 cdnpoli,twitter,twitter/elxn43 polcan cdnpoli,twitter,1
1149,twitter/elxn43 polcan cdnpoli,twitter,twitter/debatdeschefs2019 debatdeschefs elxn43,twitter,1
1149,twitter/debatdeschefs2019 debatdeschefs elxn43,twitter,4chan/pol,4chan,1
1152,twitter/cdnpoli canpoli elxn43 ChooseForward,twitter,twitter/KanataCarleton elxn43,twitter,1
1152,twitter/KanataCarleton elxn43,twitter,twitter/elxn43 ChooseForwardWithTrudeau,twitter,1
1152,twitter/elxn43 ChooseForwardWithTrudeau,twitter,Reddit/onguardforthee,Reddit,1
1182,twitter/DougFord onpoli cdnpoli,twitter,Reddit/canadapoliticshumour,Reddit,1
1217,twitter/cdnpoli elxn43 KinsellaGate,twitter,twitter/ClimateStrikeCanada cdnpoli,twitter,1
1217,twitter/ClimateStrikeCanada cdnpoli,twitter,twitter/elxn43 cdnpoli,twitter,1
1217,twitter/elxn43 cdnpoli,twitter,twitter/leadersdebate2019 elxn43,twitter,1
1217,twitter/leadersdebate2019 elxn43,twitter,twitter/elxn43 leadersdebate2019,twitter,1
1217,twitter/elxn43 leadersdebate2019,twitter,twitter/canadadebates2019 elxn43,twitter,1
1217,twitter/canadadebates2019 elxn43,twitter,Reddit/metacanada,Reddit,1
1220,twitter/elxn43 canadavotes2019 cdnpoli TrudeauMustGo elxn2019,twitter,Facebook/Justin Trudeau Not,Facebook,1
1220,Facebook/Justin Trudeau Not,Facebook,twitter/cdnpoli TrudeauMustGo TrudeauMustGo TrudeauWorstPM TrudeauCorruption TrudeauCorruption,twitter,1
1220,twitter/cdnpoli TrudeauMustGo TrudeauMustGo TrudeauWorstPM TrudeauCorruption TrudeauCorruption,twitter,twitter/canpoli Elexn43 Debatenight CanadaVotes TrudeauMustGo CanadaDeservesBetter,twitter,1
1238,twitter/cndpoli elxn43,twitter,twitter/cdnpoli elxn43 ItsOurVote,twitter,1
1238,twitter/cdnpoli elxn43 ItsOurVote,twitter,twitter/elxn43 cdnpoli Vote NeverScheer,twitter,1
1238,twitter/elxn43 cdnpoli Vote NeverScheer,twitter,twitter/elxn43 cdnpoli,twitter,1
1238,twitter/elxn43 cdnpoli,twitter,Facebook/NationalMemeBoardofCanada,Facebook,1
1238,Facebook/NationalMemeBoardofCanada,Facebook,Reddit/onguardforthee,Reddit,1
1238,Reddit/onguardforthee,Reddit,nan,Facebook,1
1243,twitter/Diversityisourstrength cdnpoli CDNvote2019,twitter,twitter/elxn43 cdnpoli,twitter,1
1243,twitter/elxn43 cdnpoli,twitter,twitter/NationalBlackDogDay cdnpoli Trudeau,twitter,1
1243,twitter/NationalBlackDogDay cdnpoli Trudeau,twitter,4chan/pol,4chan,1
1299,twitter/cdnpoli Election2019,twitter,twitter/Canada elxn43,twitter,1
1299,twitter/Canada elxn43,twitter,twitter/elxn42 cdnpoli,twitter,1
1299,twitter/elxn42 cdnpoli,twitter,Reddit/onguardforthee,Reddit,1
1319,Reddit/canadapoliticshumour,Reddit,twitter/elxn43 cdnpoli,twitter,1
1319,twitter/elxn43 cdnpoli,twitter,twitter/elxn43 ChooseForwardWithTrudeau,twitter,1
1319,twitter/elxn43 ChooseForwardWithTrudeau,twitter,twitter/YankeeDoodleAndy DonaldTrump CluckCluck cdnpoli elxn43 ChooseForward,twitter,1
1320,twitter/ElectionDay elxn43 CanadianElection,twitter,twitter/Elxn43 cdnpoli,twitter,1
1320,twitter/Elxn43 cdnpoli,twitter,Reddit/canada,Reddit,1
1320,Reddit/canada,Reddit,twitter/elxn2019 elxn43 cdnpoli polqc polcan,twitter,1
1320,twitter/elxn2019 elxn43 cdnpoli polqc polcan,twitter,twitter/canadavotes2019 elxn43 CanadaElection2019 ItsOurVote,twitter,1
1320,twitter/canadavotes2019 elxn43 CanadaElection2019 ItsOurVote,twitter,Facebook/Leftist Memes for New Democrat Teens,Facebook,1
1320,Facebook/Leftist Memes for New Democrat Teens,Facebook,twitter/cdnpoli elxn43 CanadaElection2019 CanadaVotes2019,twitter,1
1320,twitter/cdnpoli elxn43 CanadaElection2019 CanadaVotes2019,twitter,Facebook/Leftist Memes for New Democrat Teens,Facebook,1
1320,Facebook/Leftist Memes for New Democrat Teens,Facebook,twitter/cdnpoli elxn43 CanadaElection2019 BritishColumbia,twitter,1
1329,twitter/cdnpoli elxn43 ItsOurVote,twitter,twitter/Cdnpoli Canada Elections2019,twitter,1
1329,twitter/Cdnpoli Canada Elections2019,twitter,twitter/YankeeDoodleAndy NeverScheer cdnpoli,twitter,1
1329,twitter/YankeeDoodleAndy NeverScheer cdnpoli,twitter,nan,Facebook,1
1352,Reddit/canadaleft,Reddit,twitter/elxn43 cdnpoli,twitter,1
1360,twitter/RuinHalloweenIn4Words cdnpoli elxn43,twitter,Reddit/canada,Reddit,1
1360,Reddit/canada,Reddit,twitter/elxn43 cdnpoli,twitter,1
1360,twitter/elxn43 cdnpoli,twitter,twitter/elxn43 brownface,twitter,1
1360,twitter/elxn43 brownface,twitter,twitter/racismisracism cdnpoli elxn43,twitter,1
1360,twitter/racismisracism cdnpoli elxn43,twitter,twitter/hw cdnpoli,twitter,1
1360,twitter/hw cdnpoli,twitter,twitter/TrudeauMustGo elxn43,twitter,1
1360,twitter/TrudeauMustGo elxn43,twitter,Reddit/metacanada,Reddit,1
1360,Reddit/metacanada,Reddit,4chan/pol,4chan,1
1380,twitter/cdnpoli elxn43 AmericAndy,twitter,Facebook/National Meme Board of Canada,Facebook,1
1396,twitter/cdnpoli WEXITALBERTA,twitter,Reddit/canadapoliticshumour,Reddit,1
1396,Reddit/canadapoliticshumour,Reddit,Facebook/Leftist Memes for New Democrat Teens,Facebook,1
1396,Facebook/Leftist Memes for New Democrat Teens,Facebook,Facebook/National Meme Board of Canada,Facebook,1
1396,Facebook/National Meme Board of Canada,Facebook,Reddit/onguardforthee,Reddit,1
1417,twitter/blackface BlackfaceTrudeau BrownFaceTrudeau brownface TrudeauMustGo Trudeau elxn43,twitter,twitter/cdnpoli BrownFaceTrudeau TrudeauMustGo,twitter,1
1417,twitter/cdnpoli BrownFaceTrudeau TrudeauMustGo,twitter,twitter/cdnpoli TrudeauBlackface TrudeauMustGo,twitter,1
1417,twitter/cdnpoli TrudeauBlackface TrudeauMustGo,twitter,twitter/canpoli blackface BrownFaceTrudeau RacistTrudeau LiberalParty,twitter,1
1417,twitter/canpoli blackface BrownFaceTrudeau RacistTrudeau LiberalParty,twitter,twitter/cdnpoli TrudeauBlackface,twitter,1
1417,twitter/cdnpoli TrudeauBlackface,twitter,Reddit/metacanada,Reddit,1
1425,twitter/ScheerlessTuesday cdnpoli elxn43,twitter,4chan/pol,4chan,1
1442,twitter/StopScheer NeverScheer cdnpoli,twitter,twitter/ScheerStupidity NeverScheer cdnpoli CanadaDeservesBetter,twitter,1
1442,twitter/ScheerStupidity NeverScheer cdnpoli CanadaDeservesBetter,twitter,twitter/elxn43 cdnpoli,twitter,1
1442,twitter/elxn43 cdnpoli,twitter,twitter/ScheerNotAsAdvertised ScheerDisaster cdnpoli elxn43 ChooseForward,twitter,1
1442,twitter/ScheerNotAsAdvertised ScheerDisaster cdnpoli elxn43 ChooseForward,twitter,twitter/StopScheer CalledTheConsForAReason elxn43,twitter,1
1442,twitter/StopScheer CalledTheConsForAReason elxn43,twitter,twitter/ScheerHypocrisy LearnFromOntariosMistake DoNotVoteCon elxn43 cdnpoli,twitter,1
1442,twitter/ScheerHypocrisy LearnFromOntariosMistake DoNotVoteCon elxn43 cdnpoli,twitter,twitter/ConservativesHurtKids cdnpoli elxn43,twitter,1
1442,twitter/ConservativesHurtKids cdnpoli elxn43,twitter,4chan/pol,4chan,1
1442,4chan/pol,4chan,twitter/FAKE elxn43,twitter,1
1447,twitter/TrudeauMustGo cdnpoli elxn43,twitter,twitter/elxn43 TrudeauMustGo,twitter,1
1447,twitter/elxn43 TrudeauMustGo,twitter,twitter/progressive cdnpoli elxn43,twitter,1
1447,twitter/progressive cdnpoli elxn43,twitter,Reddit/metacanada,Reddit,1
1479,twitter/cdnpoli elxn43 SinghUpswing,twitter,Facebook/Leftist Memes for New Democrat Teens,Facebook,1
1501,Facebook/Justin Trudeau Not,Facebook,twitter/cdnpoli onpoli,twitter,1
1511,twitter/elxn43 cdnpoli,twitter,Facebook/Team Scheer,Facebook,1
1523,Reddit/canada,Reddit,twitter/elxn43 cdnpoli,twitter,1
1523,twitter/elxn43 cdnpoli,twitter,twitter/cdnpoli JustinTrudeau,twitter,1
1523,twitter/cdnpoli JustinTrudeau,twitter,twitter/CDNvote2019 Cdnpoli,twitter,1
1523,twitter/CDNvote2019 Cdnpoli,twitter,Reddit/canadapoliticshumour,Reddit,1
1523,Reddit/canadapoliticshumour,Reddit,twitter/NewEmoji cdnpoli,twitter,1
1523,twitter/NewEmoji cdnpoli,twitter,twitter/Trudeau elxn43,twitter,1
1523,twitter/Trudeau elxn43,twitter,twitter/BrownFaceTrudeau Elexn43 cdnpoli,twitter,1
1523,twitter/BrownFaceTrudeau Elexn43 cdnpoli,twitter,twitter/cdnpoli Election2019,twitter,1
1523,twitter/cdnpoli Election2019,twitter,twitter/TrudeauBlackface cdnpoli,twitter,1
1523,twitter/TrudeauBlackface cdnpoli,twitter,twitter/cdnpoli elxn43 TrudeauMustGo,twitter,1
1523,twitter/cdnpoli elxn43 TrudeauMustGo,twitter,twitter/TrudeauMustGo cdnpoli,twitter,1
1523,twitter/TrudeauMustGo cdnpoli,twitter,twitter/cdnpoli Trudeau,twitter,1
1523,twitter/cdnpoli Trudeau,twitter,twitter/BlackFace BrownFace elxn43 CDNpoli,twitter,1
1523,twitter/BlackFace BrownFace elxn43 CDNpoli,twitter,twitter/onpoli cdnpoli,twitter,1
1523,twitter/onpoli cdnpoli,twitter,twitter/onpoli cdnpoli elxn43,twitter,1
1523,twitter/onpoli cdnpoli elxn43,twitter,4chan/pol,4chan,1
1552,twitter/elxn43 NDP NDP2019 CanadaElection2019,twitter,Facebook/Leftist Memes for New Democrat Teens,Facebook,1
1557,twitter/polqc polcan,twitter,Facebook/Qu√©bec FIER,Facebook,1
1562,Reddit/canadaleft,Reddit,Facebook/Leftist Memes for New Democrat Teens,Facebook,1
1577,Reddit/canada,Reddit,twitter/elxn43 cdnpoli,twitter,1
1577,twitter/elxn43 cdnpoli,twitter,Reddit/canadapoliticshumour,Reddit,1
1577,Reddit/canadapoliticshumour,Reddit,twitter/WeakAndy cdnpoli elxn43,twitter,1
1577,twitter/WeakAndy cdnpoli elxn43,twitter,Facebook/Leftist Memes for New Democrat Teens,Facebook,1
1577,Facebook/Leftist Memes for New Democrat Teens,Facebook,Reddit/metacanada,Reddit,1
1577,Reddit/metacanada,Reddit,Reddit/onguardforthee,Reddit,1
1582,twitter/cdnpoli canadavotes2019 ElectionDay NFL,twitter,Reddit/ndp,Reddit,1
1603,twitter/cdnpoli elxn19,twitter,4chan/pol,4chan,1
1605,4chan/pol,4chan,twitter/elxn43 cdnpoli,twitter,1
1607,Facebook/Justin Trudno,Facebook,Reddit/metacanada,Reddit,1
1622,Reddit/metacanada,Reddit,4chan/pol,4chan,1
1690,twitter/elxn43 cdnpoli,twitter,4chan/pol,4chan,1
1694,Facebook/Game Changers,Facebook,twitter/cdnpoli elx43,twitter,1
1710,twitter/elxn43 cdnpoli,twitter,Facebook/Team Scheer,Facebook,1
1730,twitter/cdnpoli TrudeaMustGo Election2019 CarbonTax ClimateEmergency JWR LavScam,twitter,twitter/Canada Liberal Traitor Trudeau LPC official,twitter,1
1730,twitter/Canada Liberal Traitor Trudeau LPC official,twitter,Reddit/metacanada,Reddit,1
1754,twitter/cdnpoli NDP,twitter,Reddit/metacanada,Reddit,1
1770,twitter/cdnpoli WEXITALBERTA,twitter,twitter/rednexit wexit cdnpoli,twitter,1
1770,twitter/rednexit wexit cdnpoli,twitter,Reddit/canada,Reddit,1
1770,Reddit/canada,Reddit,Facebook/Leftist Memes for New Democrat Teens,Facebook,1
1808,twitter/elxn43 cdnpoli,twitter,Reddit/metacanada,Reddit,1
1817,4chan/pol,4chan,nan,Facebook,1
1823,twitter/TrudeauMustGo SaveCanada elxn43,twitter,Facebook/Canada Proud,Facebook,1
1823,Facebook/Canada Proud,Facebook,twitter/Thanksgiving elxn43 cdnpoli,twitter,1
1837,Reddit/canadaleft,Reddit,Facebook/Leftist Memes for New Democrat Teens,Facebook,1
1837,Facebook/Leftist Memes for New Democrat Teens,Facebook,twitter/elxn43 cdnpoli,twitter,1
1837,twitter/elxn43 cdnpoli,twitter,Reddit/ndp,Reddit,1
1839,Reddit/canadapoliticshumour,Reddit,twitter/polqc polcan,twitter,1
1864,twitter/cdnpoli onpoli topoli,twitter,twitter/firstdebate elxn43,twitter,1
1864,twitter/firstdebate elxn43,twitter,twitter/elxn43 cdnpoli,twitter,1
1864,twitter/elxn43 cdnpoli,twitter,twitter/cdnpoli CanadaDebates2019 elxn2019 elx43,twitter,1
1864,twitter/cdnpoli CanadaDebates2019 elxn2019 elx43,twitter,twitter/ChooseForwardWithTrudeau ScheerCuts BeachcombersBeWare Cdnpoli,twitter,1
1864,twitter/ChooseForwardWithTrudeau ScheerCuts BeachcombersBeWare Cdnpoli,twitter,4chan/pol,4chan,1
1867,twitter/cdnpoli Elexn43 cdnmedia,twitter,Reddit/metacanada,Reddit,1
1889,twitter/elxn43 cdnpoli InItForYou,twitter,Facebook/OccupyCanada,Facebook,1
1900,twitter/Scheer ItsOurVote ElectionsCanada elxn43 CanadianElection,twitter,twitter/ScheerDisaster elxn43 cdnpoli,twitter,1
1900,twitter/ScheerDisaster elxn43 cdnpoli,twitter,twitter/stcath ourhomestc cdnpoli elxn43 StCatharines Niagara NoConBullshit,twitter,1
1900,twitter/stcath ourhomestc cdnpoli elxn43 StCatharines Niagara NoConBullshit,twitter,4chan/pol,4chan,1
1902,twitter/cdnpoli Elexn43 Toronto,twitter,Reddit/metacanada,Reddit,1
1910,Facebook/Leftist Memes for New Democrat Teens,Facebook,twitter/cdnpoli elxn43 voteNDP,twitter,1
1935,twitter/cdnpoli Elexn43 ElectionsCanada DecisonCanada,twitter,twitter/firstdebate cdnpoli elxn19,twitter,1
1935,twitter/firstdebate cdnpoli elxn19,twitter,Reddit/metacanada,Reddit,1
1950,twitter/cdnpoli Elexn43,twitter,Reddit/metacanada,Reddit,1
1950,Reddit/metacanada,Reddit,twitter/elxn43 cdnpoli,twitter,1
1950,twitter/elxn43 cdnpoli,twitter,twitter/elxn43 cdnpoli ImWithJagmeet,twitter,1
1950,twitter/elxn43 cdnpoli ImWithJagmeet,twitter,twitter/elxn43 cdnpoli canpoli,twitter,1
1969,twitter/elxn43 CDNPOLI,twitter,Reddit/canada,Reddit,1
1969,Reddit/canada,Reddit,Reddit/metacanada,Reddit,1
1978,Reddit/metacanada,Reddit,twitter/voteanimal muppets politikahr cdnpoli,twitter,1
1982,Reddit/canada,Reddit,Reddit/canadapolitics,Reddit,1
1982,Reddit/canadapolitics,Reddit,twitter/cdnpoli canadaelection2019 elxn43,twitter,1
1982,twitter/cdnpoli canadaelection2019 elxn43,twitter,4chan/pol,4chan,1
1986,twitter/Alberta albertaseparation growup elxn43,twitter,Facebook/National Meme Board of Canada,Facebook,1
1992,twitter/cdnpoli TrudeauMustGo,twitter,4chan/pol,4chan,1
2007,twitter/cdnpoli PRAVDA,twitter,Reddit/metacanada,Reddit,1
2007,Reddit/metacanada,Reddit,twitter/TrudeauMustGo ButtsMustGo notAbot cdnpoli elxn43 ParodyCabinet,twitter,1
2031,twitter/ChooseForward elxn43,twitter,4chan/pol,4chan,1
2042,Reddit/canada,Reddit,twitter/JeVoteBloc exln43 polcan polqc Oui21,twitter,1
2050,twitter/StopScheer CalledTheConsForAReason elxn43,twitter,4chan/pol,4chan,1
2054,twitter/hw cdnpoli,twitter,4chan/pol,4chan,1
2057,4chan/pol,4chan,twitter/elxn43 cdnpolil leadersdebate2019,twitter,1
2057,twitter/elxn43 cdnpolil leadersdebate2019,twitter,Reddit/metacanada,Reddit,1
2059,twitter/NeverJagmeet NoNDP elxn43 freeshit,twitter,Reddit/metacanada,Reddit,1
2059,Reddit/metacanada,Reddit,twitter/elxn43 cdnpoli,twitter,1
2061,Facebook/Leftist Memes for New Democrat Teens,Facebook,twitter/elxn43 cdnpoli,twitter,1
2096,Reddit/canadaleft,Reddit,nan,Facebook,1
2098,twitter/ClimateChange oil coal pollution cleanenergy cdnpoli GretaThurnberg GretaInAlberta,twitter,Reddit/canadapoliticshumour,Reddit,1
2098,Reddit/canadapoliticshumour,Reddit,Facebook/OccupyCanada,Facebook,1
2099,twitter/cdnpoli TrudeauMustResign TrudeauMustGo Trudeaubrownface,twitter,Reddit/canadapolitics,Reddit,1
2099,Reddit/canadapolitics,Reddit,twitter/BlackfaceTrudeau elxn43,twitter,1
2099,twitter/BlackfaceTrudeau elxn43,twitter,twitter/TrudeauMustGo cdnpoli,twitter,1
2102,twitter/Trudeau Blackface cdnpoli elxn43,twitter,4chan/pol,4chan,1
2115,twitter/ScheerLies ScheerHatred cdnpoli elxn43,twitter,twitter/elxn43 cdnpoli,twitter,1
2115,twitter/elxn43 cdnpoli,twitter,twitter/WhyScheerLost cdnpoli,twitter,1
2115,twitter/WhyScheerLost cdnpoli,twitter,twitter/HamishMarshall elxn43 cdnpoli,twitter,1
2115,twitter/HamishMarshall elxn43 cdnpoli,twitter,4chan/pol,4chan,1
2115,4chan/pol,4chan,twitter/NotAsAdvertised ScheeringTheResume cdnpoli,twitter,1
2128,Reddit/canadapoliticshumour,Reddit,twitter/polcan climat,twitter,1
2128,twitter/polcan climat,twitter,twitter/elxn43 polcan cdnpoli,twitter,1
2144,twitter/elxn43 cdnpoli,twitter,Facebook/Team Scheer,Facebook,1
2166,twitter/FreePass Trudeau RCMP SNCLavalin elxn43 polcan cdnpoli,twitter,twitter/cdnpoli ElectionsCanada,twitter,1
2166,twitter/cdnpoli ElectionsCanada,twitter,twitter/Lavscam Trudeaumustgo canpoli,twitter,1
2166,twitter/Lavscam Trudeaumustgo canpoli,twitter,twitter/elxn43 cdnpoli,twitter,1
2166,twitter/elxn43 cdnpoli,twitter,Reddit/canadapolitics,Reddit,1
2166,Reddit/canadapolitics,Reddit,Reddit/metacanada,Reddit,1
2209,Facebook/Old Stock Canadian,Facebook,twitter/cdnpoli tcot polcan,twitter,1
2216,twitter/elxn43 cdnpoli,twitter,Facebook/Team Scheer,Facebook,1
2228,twitter/elxn43 cdnpoli,twitter,4chan/pol,4chan,1
2239,twitter/elxn43 CanadaElection2019 CanadianElection cdnpoli exln43 wexit albertastrong westerncanadaeternal,twitter,4chan/pol,4chan,1
2258,twitter/elxn43 cdnpoli TrudeauBlackface,twitter,Facebook/Don'tDrinktheCanadianCool-Aid,Facebook,1
2258,Facebook/Don'tDrinktheCanadianCool-Aid,Facebook,twitter/ICYMI cdnpoli elxn43 Debatenight,twitter,1
2271,twitter/Trudeau brownface cdnpoli CanadaVotes,twitter,4chan/pol,4chan,1
2281,twitter/cdnpoli PrimeMinister,twitter,4chan/pol,4chan,1
2283,twitter/elxn43 CDNvote2019 cndpoli cdnpoli,twitter,Reddit/canadaleft,Reddit,1
2283,Reddit/canadaleft,Reddit,Reddit/canadapoliticshumour,Reddit,1
2283,Reddit/canadapoliticshumour,Reddit,twitter/Elexn43 LPC CPC StrategicVoting canlab,twitter,1
2338,twitter/abpoli ableg cdnpoli,twitter,Facebook/Leftist Memes for New Democrat Teens,Facebook,1
2338,Facebook/Leftist Memes for New Democrat Teens,Facebook,Reddit/onguardforthee,Reddit,1
2341,twitter/FraudThePeople ScheerCuts ScheerLies FiftyThreeBillionInServiceCuts Cdnpoli ONpoli,twitter,Reddit/canadapoliticshumour,Reddit,1
2341,Reddit/canadapoliticshumour,Reddit,twitter/DougFord Onpoli AndrewScheer cdnpoli,twitter,1
2341,twitter/DougFord Onpoli AndrewScheer cdnpoli,twitter,twitter/elxn43 cdnpoli,twitter,1
2346,Reddit/canadapoliticshumour,Reddit,Facebook/Leftist Memes for New Democrat Teens,Facebook,1
2372,twitter/SaturdayMotivation cndpoli elxn43 Election2019,twitter,twitter/elxn43 cdnpoli,twitter,1
2372,twitter/elxn43 cdnpoli,twitter,twitter/elxn43 cdnpoli canpoli onpoli,twitter,1
2372,twitter/elxn43 cdnpoli canpoli onpoli,twitter,twitter/cdnpoli CDNvote2019,twitter,1
2372,twitter/cdnpoli CDNvote2019,twitter,twitter/Canada lpc Trudeau cdnpoli,twitter,1
2372,twitter/Canada lpc Trudeau cdnpoli,twitter,4chan/pol,4chan,1
2411,twitter/elxn43 IndigPoli,twitter,twitter/InItForYou NewDealForPeople NDP JagmeetSingh firstdebate elxn19,twitter,1
2411,twitter/InItForYou NewDealForPeople NDP JagmeetSingh firstdebate elxn19,twitter,Reddit/canadaleft,Reddit,1
2411,Reddit/canadaleft,Reddit,twitter/NDP2019 cdnpoli NDP NPD,twitter,1
2416,twitter/exln43 cdnpoli,twitter,4chan/pol,4chan,1
2419,Reddit/canada,Reddit,Reddit/canadapolitics,Reddit,1
2419,Reddit/canadapolitics,Reddit,twitter/TrudeauBlackface TrudeauPrivilege Trudeau TrudeauMustResign TrudeauMustGo cndpoli,twitter,1
2419,twitter/TrudeauBlackface TrudeauPrivilege Trudeau TrudeauMustResign TrudeauMustGo cndpoli,twitter,Reddit/metacanada,Reddit,1
2439,Facebook/Justin Trudeau Not,Facebook,twitter/Trudeaumustgo canpoli,twitter,1
2446,4chan/pol,4chan,Facebook/Old Stock Canadian,Facebook,1
2453,twitter/cdnpoli Vote,twitter,twitter/polcan canpoli,twitter,1
2453,twitter/polcan canpoli,twitter,Reddit/canadianpolitics,Reddit,1
2453,Reddit/canadianpolitics,Reddit,twitter/RickAstley Canada cdnpoli cdnelxn2019 Elexn43,twitter,1
2453,twitter/RickAstley Canada cdnpoli cdnelxn2019 Elexn43,twitter,twitter/RickAstley Canada cdnpoli cdnelxn2019 Elxn43,twitter,1
2453,twitter/RickAstley Canada cdnpoli cdnelxn2019 Elxn43,twitter,twitter/cdnpoli elxn43 trudeaumustgo,twitter,1
2472,Facebook/Leftist Memes for New Democrat Teens,Facebook,twitter/vote elxn43 elxn2019,twitter,1
2586,twitter/elxn43 elxn2019 CanadaVotes,twitter,twitter/cdnpoli elxn2019 elxn43 NDP UpRiSingh,twitter,1
2586,twitter/cdnpoli elxn2019 elxn43 NDP UpRiSingh,twitter,Facebook/Leftist Memes for New Democrat Teens,Facebook,1
2596,Facebook/Don'tDrinktheCanadianCool-Aid,Facebook,Facebook/Justin Trudeau Not,Facebook,1
2596,Facebook/Justin Trudeau Not,Facebook,Reddit/metacanada,Reddit,1
2673,twitter/uspoli cdnpoli slavery,twitter,4chan/pol,4chan,1
2703,twitter/climateDingBat hypocrite LavScam cdnpoli,twitter,twitter/cdnpoli elxn2019,twitter,1
2703,twitter/cdnpoli elxn2019,twitter,twitter/cdnpoli LavScam elxn43,twitter,1
2703,twitter/cdnpoli LavScam elxn43,twitter,twitter/cdnpoli elxn43 imposter,twitter,1
2703,twitter/cdnpoli elxn43 imposter,twitter,Facebook/Canada Proud,Facebook,1
2703,Facebook/Canada Proud,Facebook,twitter/TrudeauMustGo CanadaDeservesBetter cdnpoli elxn43,twitter,1
2703,twitter/TrudeauMustGo CanadaDeservesBetter cdnpoli elxn43,twitter,Reddit/metacanada,Reddit,1
2706,twitter/TrudeauMustGo cdnpoli,twitter,Facebook/Justin Trudno,Facebook,1
2725,Reddit/canadapolitics,Reddit,Facebook/Leftist Memes for New Democrat Teens,Facebook,1
2725,Facebook/Leftist Memes for New Democrat Teens,Facebook,Reddit/onguardforthee,Reddit,1
2730,twitter/ElectionDay elxn43 shameful,twitter,twitter/elxn43 cdnpoli,twitter,1
2730,twitter/elxn43 cdnpoli,twitter,twitter/ItsOurVote cdnpoli elxn43,twitter,1
2730,twitter/ItsOurVote cdnpoli elxn43,twitter,twitter/TriggerChange cdnpoli elxn43 CPC19 CPC cpc2019 TrudeauMustGo,twitter,1
2730,twitter/TriggerChange cdnpoli elxn43 CPC19 CPC cpc2019 TrudeauMustGo,twitter,twitter/chooseforward SNCaladdin elxn43,twitter,1
2730,twitter/chooseforward SNCaladdin elxn43,twitter,4chan/pol,4chan,1
2732,twitter/Debate1 elxn43 cdnpoli,twitter,Reddit/canadapoliticshumour,Reddit,1
2747,twitter/TrudeauIsARacist cdnpoli TrudeauMustGo TrudeauMustResign TrudeauDemission,twitter,Reddit/metacanada,Reddit,1
2800,Facebook/Canada Proud,Facebook,twitter/elxn43 cdnpoli,twitter,1
2827,twitter/CanadianElection elxn43 canadianvoice,twitter,twitter/Elexn43 cdnpoli,twitter,1
2827,twitter/Elexn43 cdnpoli,twitter,Reddit/metacanada,Reddit,1
2863,4chan/pol,4chan,Reddit/onguardforthee,Reddit,1
2924,twitter/cdnpoli tcot polcan,twitter,Facebook/Old Stock Canadian,Facebook,1
2926,twitter/cdnpoli ScheerDisaster canadavotes2019,twitter,twitter/canadavotes cdnpoli vote,twitter,1
2926,twitter/canadavotes cdnpoli vote,twitter,twitter/cdnpoli CDNvote2019 cdnelxn2019 CanadaElection2019 canadavotes2019,twitter,1
2926,twitter/cdnpoli CDNvote2019 cdnelxn2019 CanadaElection2019 canadavotes2019,twitter,twitter/vote cdnpoli canadaelection2019 equal diversity election vote indigenous vote yyc vote,twitter,1
2926,twitter/vote cdnpoli canadaelection2019 equal diversity election vote indigenous vote yyc vote,twitter,twitter/cdnpoli elxn43 Wednesday WednesdayWisdom,twitter,1
2926,twitter/cdnpoli elxn43 Wednesday WednesdayWisdom,twitter,twitter/elxn43 CanadaVotes,twitter,1
2926,twitter/elxn43 CanadaVotes,twitter,4chan/pol,4chan,1
2947,twitter/elxn43 cdnpoli,twitter,twitter/ableg elxn43 VoteLiberal,twitter,1
2947,twitter/ableg elxn43 VoteLiberal,twitter,4chan/pol,4chan,1
2993,Reddit/canadaleft,Reddit,4chan/pol,4chan,1
2993,4chan/pol,4chan,Reddit/ndp,Reddit,1
3032,Reddit/canada,Reddit,twitter/polcan polqc JustinTrudeau,twitter,1
3032,twitter/polcan polqc JustinTrudeau,twitter,twitter/Cdnpoli elxn43 TrudeauBlackface,twitter,1
3032,twitter/Cdnpoli elxn43 TrudeauBlackface,twitter,twitter/cdnpoli elxn43 BrownFaceTrudeau,twitter,1
3032,twitter/cdnpoli elxn43 BrownFaceTrudeau,twitter,Reddit/canadapolitics,Reddit,1
3032,Reddit/canadapolitics,Reddit,twitter/cdnpoli BlackfaceTrudeau TrudeauMustResign,twitter,1
3032,twitter/cdnpoli BlackfaceTrudeau TrudeauMustResign,twitter,Reddit/metacanada,Reddit,1
3032,Reddit/metacanada,Reddit,4chan/pol,4chan,1
3035,twitter/ClimateEmergency cdnpoli schoolstrike4climate GlobalClimateStrikes StopTMX TransMountain bcpoli CleanEnergy,twitter,4chan/pol,4chan,1
3070,twitter/cdnpoli elxn43 greenparty ClimateStrike climatechange climateemergency onpoli,twitter,twitter/CDNvote2019 cdnpoli cdnmedia,twitter,1
3070,twitter/CDNvote2019 cdnpoli cdnmedia,twitter,Reddit/canadapoliticshumour,Reddit,1
3070,Reddit/canadapoliticshumour,Reddit,twitter/PLC PVC polcan polqc fed2019,twitter,1
3104,twitter/elxn43 TRUDEAU,twitter,twitter/elxn43 ItsOurVote,twitter,1
3104,twitter/elxn43 ItsOurVote,twitter,twitter/cdnpoli canpoli,twitter,1
3104,twitter/cdnpoli canpoli,twitter,twitter/TrudeauCorruption TrudeauMustGo cdnpoli elxn43,twitter,1
3104,twitter/TrudeauCorruption TrudeauMustGo cdnpoli elxn43,twitter,twitter/TrudeauMustGo TrudeauCorruption Lieberals cdnpoli elxn43,twitter,1
3104,twitter/TrudeauMustGo TrudeauCorruption Lieberals cdnpoli elxn43,twitter,twitter/TrudeauMustGo cdnpoli,twitter,1
3104,twitter/TrudeauMustGo cdnpoli,twitter,twitter/TrudeauMustGo Papineau cdnpoli,twitter,1
3104,twitter/TrudeauMustGo Papineau cdnpoli,twitter,twitter/elxn43 ElectionDay ElectionsCanada,twitter,1
3104,twitter/elxn43 ElectionDay ElectionsCanada,twitter,twitter/TrudeauMustGo TrudeauCorruption Lieberals CanadaDeservesBetter cdnpoli elxn43,twitter,1
3104,twitter/TrudeauMustGo TrudeauCorruption Lieberals CanadaDeservesBetter cdnpoli elxn43,twitter,twitter/Trudeau elxn43,twitter,1
3104,twitter/Trudeau elxn43,twitter,twitter/elxn43 TrudeauMustGo,twitter,1
3104,twitter/elxn43 TrudeauMustGo,twitter,twitter/elxn43 cdnpoli,twitter,1
3104,twitter/elxn43 cdnpoli,twitter,nan,Reddit,1
3127,twitter/hw cdnpoli,twitter,twitter/cdnpoli SNCLavalin,twitter,1
3127,twitter/cdnpoli SNCLavalin,twitter,4chan/pol,4chan,1
3133,4chan/pol,4chan,Reddit/metacanada,Reddit,1
3145,twitter/elxn43 cdnpoli,twitter,Facebook/Leftist Memes for New Democrat Teens,Facebook,1
3166,twitter/elxn43 polcan cdnpoli,twitter,twitter/ScheerDisaster onpoli cdnpoli elx43 ScheerCuts,twitter,1
3166,twitter/ScheerDisaster onpoli cdnpoli elx43 ScheerCuts,twitter,Reddit/onguardforthee,Reddit,1
3168,Facebook/Leftist Memes for New Democrat Teens,Facebook,twitter/cdnpoli canpoli elxn43 ChooseForward,twitter,1
3172,twitter/cdnpoli elxn43 ChooseForward ChooseForwardWithoutTrudeau,twitter,Reddit/metacanada,Reddit,1
3184,Reddit/canada,Reddit,twitter/PeoplesParty PPC2019 elxn43,twitter,1
3184,twitter/PeoplesParty PPC2019 elxn43,twitter,Reddit/metacanada,Reddit,1
3184,Reddit/metacanada,Reddit,twitter/MakeMrBernierMyPM PeoplesPartyofCanada ChooseMaxime PPC2019 cdnpoli elxn43,twitter,1
3184,twitter/MakeMrBernierMyPM PeoplesPartyofCanada ChooseMaxime PPC2019 cdnpoli elxn43,twitter,twitter/MakeMrBernierMyPM PeoplesPartyofCanada elxn43,twitter,1
3199,twitter/elxn43 cdnpoli,twitter,twitter/cdnpoli elxn43 itsourvote NeverScheer ChooseForward LPC ScheerDisaster,twitter,1
3199,twitter/cdnpoli elxn43 itsourvote NeverScheer ChooseForward LPC ScheerDisaster,twitter,twitter/Liars cdnpoli elxn43 DeceitfulAndy DeceptiveAndy DishonestAndy,twitter,1
3199,twitter/Liars cdnpoli elxn43 DeceitfulAndy DeceptiveAndy DishonestAndy,twitter,twitter/elxn43 ChooseForward,twitter,1
3199,twitter/elxn43 ChooseForward,twitter,twitter/cndpoli bcpoli elxn43,twitter,1
3199,twitter/cndpoli bcpoli elxn43,twitter,Reddit/metacanada,Reddit,1
3199,Reddit/metacanada,Reddit,twitter/Toronto GTA Ontario CanadaVotes2019 elxn43 CDNvote2019 cdnpoli ONpoli Waldo,twitter,1
3208,twitter/elxn43 cdnpoli,twitter,twitter/blackface elxn43,twitter,1
3208,twitter/blackface elxn43,twitter,twitter/polqc polcan cdnpoli GretaThunberg,twitter,1
3208,twitter/polqc polcan cdnpoli GretaThunberg,twitter,4chan/pol,4chan,1
3224,4chan/pol,4chan,twitter/cdnpoli elxn43 ClimateStrike ClimateAction AttackRealPolluters OilSandsProud SupportCanadianEnergy,twitter,1
3234,Reddit/metacanada,Reddit,4chan/pol,4chan,1
3235,twitter/elxn43 cdnpoli,twitter,Facebook/Team Scheer,Facebook,1
3238,twitter/inappropriate TrudeauMustGo FakeFeminist Hypocrite EntitledPunk Notaleader Narcissist elxn43,twitter,twitter/TrudeauMustGo inappropriate Groper FakeFeminist disgrace elxn43,twitter,1
3238,twitter/TrudeauMustGo inappropriate Groper FakeFeminist disgrace elxn43,twitter,Reddit/metacanada,Reddit,1
3238,Reddit/metacanada,Reddit,twitter/TrudeauMustGo entitledpunk Inapropriate Notaleader disgrace elxn43 cdnpoli,twitter,1
3267,twitter/elxn43 cdnpoli,twitter,twitter/cdnpoli skpoli,twitter,1
3267,twitter/cdnpoli skpoli,twitter,4chan/pol,4chan,1
3276,twitter/GretaThunberg ygreck elxn43 polcan,twitter,4chan/pol,4chan,1
3278,twitter/cdnpoli elxn43 TrudeauMustGo Elecciones2019 abpoli LiberalsMustGo,twitter,Reddit/metacanada,Reddit,1
3301,twitter/elxn43 CDNvote2019 cdnpoli Scheer4PM,twitter,4chan/pol,4chan,1
3349,Reddit/canadapoliticshumour,Reddit,twitter/cndpoli retweet,twitter,1
3349,twitter/cndpoli retweet,twitter,twitter/voteNDP cdnpoli elxn43,twitter,1
3349,twitter/voteNDP cdnpoli elxn43,twitter,Reddit/onguardforthee,Reddit,1
3353,Facebook/Don'tDrinktheCanadianCool-Aid,Facebook,twitter/cdnpoli TrudeauMustGo Trudeau Liberal Conservatives Canada Canadian Liberals onpoli FlushTheTurd,twitter,1
3353,twitter/cdnpoli TrudeauMustGo Trudeau Liberal Conservatives Canada Canadian Liberals onpoli FlushTheTurd,twitter,Reddit/metacanada,Reddit,1
3360,Facebook/Leftist Memes for New Democrat Teens,Facebook,twitter/elxn43 NDP,twitter,1
3360,twitter/elxn43 NDP,twitter,Reddit/ndp,Reddit,1
3360,Reddit/ndp,Reddit,Reddit/onguardforthee,Reddit,1
3368,twitter/NeverMax MaxWho PPC CanadaDebates2019 elx43 canpoli leadersdebate2019,twitter,Reddit/metacanada,Reddit,1
3368,Reddit/metacanada,Reddit,twitter/MaxWho NeverMax No2PPC elxn43,twitter,1
3369,Reddit/canadaleft,Reddit,Facebook/Leftist Memes for New Democrat Teens,Facebook,1
3371,Reddit/canada,Reddit,twitter/peopleinglasshouses ScheerLies cdnpoli,twitter,1
3371,twitter/peopleinglasshouses ScheerLies cdnpoli,twitter,twitter/cdnpoli ScheerFraud anythingbutconservative,twitter,1
3371,twitter/cdnpoli ScheerFraud anythingbutconservative,twitter,twitter/ScheerLies elxn43 cdnpoli,twitter,1
3371,twitter/ScheerLies elxn43 cdnpoli,twitter,twitter/cdnpoli Elexn43,twitter,1
3371,twitter/cdnpoli Elexn43,twitter,twitter/ScheerNotAsAdvertised ScheeringTheResume ScheerLies cdnpoli,twitter,1
3371,twitter/ScheerNotAsAdvertised ScheeringTheResume ScheerLies cdnpoli,twitter,twitter/neverconservative cdnpoli,twitter,1
3371,twitter/neverconservative cdnpoli,twitter,twitter/elxn19 cdnpoli caib,twitter,1
3371,twitter/elxn19 cdnpoli caib,twitter,twitter/elxn43 cdnpoli ScheeringTheResume,twitter,1
3371,twitter/elxn43 cdnpoli ScheeringTheResume,twitter,Facebook/NationalMemeBoardofCanada,Facebook,1
3371,Facebook/NationalMemeBoardofCanada,Facebook,nan,Facebook,1
3392,twitter/TrudeauMustGo JagmeetSinghMustGo MayIsCrazy Scheer4PM cdnpoli elxn43,twitter,twitter/CrookedCoalition elxn43 TrudeaulessTuesday,twitter,1
3392,twitter/CrookedCoalition elxn43 TrudeaulessTuesday,twitter,Reddit/onguardforthee,Reddit,1
3397,twitter/LPC firstdebate,twitter,4chan/pol,4chan,1
3419,twitter/NeverScheer FordIsFailing DougFraud NeverTrustAConservative cdnpoli onpoli elxn43,twitter,twitter/vigilantejustice dougford ontario yass cdnpoli,twitter,1
3419,twitter/vigilantejustice dougford ontario yass cdnpoli,twitter,Reddit/onguardforthee,Reddit,1
3421,twitter/ClimateHoax elxn43 cdnpoli Montreal LPC ChooseForward,twitter,nan,Facebook,1
3453,twitter/canpoli TrudeauMustGo,twitter,nan,Facebook,1
3464,Reddit/canada,Reddit,twitter/elxn43 cdnpoli,twitter,1
3464,twitter/elxn43 cdnpoli,twitter,Reddit/canadaleft,Reddit,1
3464,Reddit/canadaleft,Reddit,Reddit/onguardforthee,Reddit,1
3473,4chan/pol,4chan,Facebook/Don'tDrinktheCanadianCool-Aid,Facebook,1
3490,4chan/pol,4chan,twitter/AmericanAndy cdnpoli,twitter,1
3502,twitter/cdnpoli TrudeauTheHyprocrite TrudeauTwoPlanes elxn43,twitter,Facebook/Team Scheer,Facebook,1
3503,twitter/canpoli ClimateAction elxn43,twitter,Reddit/canadapoliticshumour,Reddit,1
3516,twitter/polcan elxn43,twitter,Reddit/canadapoliticshumour,Reddit,1
3545,twitter/Ontario Quebec Canada cndpoli,twitter,twitter/equalization elxn43 TrudeauMustGo wexit,twitter,1
3545,twitter/equalization elxn43 TrudeauMustGo wexit,twitter,Facebook/Don't Drink the Canadian Cool-Aid,Facebook,1
3604,twitter/nlpoli cdnpoli,twitter,Facebook/Don'tDrinktheCanadianCool-Aid,Facebook,1
3606,Reddit/canadaleft,Reddit,Facebook/Leftist Memes for New Democrat Teens,Facebook,1
3618,twitter/polcan faceafaceTVA,twitter,twitter/leadersdebate2019 CanadaDebates2019 elxn43,twitter,1
3618,twitter/leadersdebate2019 CanadaDebates2019 elxn43,twitter,twitter/POLS3200 cdnpoli,twitter,1
3618,twitter/POLS3200 cdnpoli,twitter,4chan/pol,4chan,1
3620,twitter/cdnpoli NoCPC,twitter,twitter/cdnpoli elxn43 ScheerNonsense votetrudeau,twitter,1
3620,twitter/cdnpoli elxn43 ScheerNonsense votetrudeau,twitter,twitter/cdnpoli elxn43 ScheerNonsense VoteTrudeau,twitter,1
3620,twitter/cdnpoli elxn43 ScheerNonsense VoteTrudeau,twitter,twitter/cdnpoli CPCdebt,twitter,1
3620,twitter/cdnpoli CPCdebt,twitter,Reddit/canadapolitics,Reddit,1
3620,Reddit/canadapolitics,Reddit,twitter/elxn43 cdnpoli,twitter,1
3640,Reddit/canadaleft,Reddit,Facebook/Leftist Memes for New Democrat Teens,Facebook,1
3650,Reddit/metacanada,Reddit,Facebook/Old Stock Canadian,Facebook,1
3677,twitter/elxn43 ElectionsCanada BlocQc,twitter,twitter/polcan Elections2019,twitter,1
3677,twitter/polcan Elections2019,twitter,twitter/paiiiii polcan,twitter,1
3677,twitter/paiiiii polcan,twitter,twitter/paiii polcan,twitter,1
3677,twitter/paiii polcan,twitter,twitter/paiiii polcan,twitter,1
3677,twitter/paiiii polcan,twitter,4chan/pol,4chan,1
3683,twitter/TrudeauMustGo cdnpoli elxn43 NeverNDP onpoli Scheer4PM,twitter,nan,Facebook,1
3694,4chan/pol,4chan,twitter/elxn43 ChooseMaxime,twitter,1
3716,twitter/ScheerlessTuesday cdnpoli,twitter,twitter/elxn43 cdnpoli canada ScheerLoser,twitter,1
3716,twitter/elxn43 cdnpoli canada ScheerLoser,twitter,twitter/cdnpoli elxn43 canpoli onpoli FordisFailing FraudNation,twitter,1
3716,twitter/cdnpoli elxn43 canpoli onpoli FordisFailing FraudNation,twitter,Reddit/canadapoliticshumour,Reddit,1
3721,4chan/pol,4chan,nan,Facebook,1
3743,twitter/elxn43 cdnpoli canpoli topoli canadavotes2019 canadaelections2019 TrudeauMustGo Canada,twitter,4chan/pol,4chan,1
3757,Reddit/canada,Reddit,Reddit/canadapolitics,Reddit,1
3757,Reddit/canadapolitics,Reddit,twitter/elxn43 cdnpoli,twitter,1
3760,twitter/SinghUpswing cndpoli elxn43,twitter,Facebook/Leftist Memes for New Democrat Teens,Facebook,1
3812,Facebook/National Meme Board of Canada,Facebook,nan,Reddit,1
3814,twitter/JustinTrudeau polcan,twitter,twitter/Harper MeToo elxn43 polcan,twitter,1
3814,twitter/Harper MeToo elxn43 polcan,twitter,twitter/elxn43 cdnpoli,twitter,1
3814,twitter/elxn43 cdnpoli,twitter,twitter/TrudeauMustGo cdnpoli elxn43,twitter,1
3814,twitter/TrudeauMustGo cdnpoli elxn43,twitter,twitter/FakeFeminist TrudeauMustGo cdnpoli elxn43,twitter,1
3814,twitter/FakeFeminist TrudeauMustGo cdnpoli elxn43,twitter,twitter/MeToo FreePass Trudeau elxn43 polcan,twitter,1
3814,twitter/MeToo FreePass Trudeau elxn43 polcan,twitter,twitter/KokaneeGroper cdnpoli elxn43,twitter,1
3814,twitter/KokaneeGroper cdnpoli elxn43,twitter,twitter/JustinTrudeau TrudeauMustGo LPC cdnpoli,twitter,1
3814,twitter/JustinTrudeau TrudeauMustGo LPC cdnpoli,twitter,Reddit/canadapolitics,Reddit,1
3814,Reddit/canadapolitics,Reddit,twitter/elxn43 TrudeauMustResign BlackfaceTrudeau,twitter,1
3814,twitter/elxn43 TrudeauMustResign BlackfaceTrudeau,twitter,Reddit/metacanada,Reddit,1
3822,Facebook/Canada Proud,Facebook,twitter/elxn43 Scheer4PM CDNvote2019,twitter,1
3822,twitter/elxn43 Scheer4PM CDNvote2019,twitter,4chan/pol,4chan,1
3858,4chan/pol,4chan,Facebook/Old Stock Canadian,Facebook,1
3862,Reddit/metacanada,Reddit,4chan/pol,4chan,1
3894,twitter/cdnpoli BlackfaceTrudeau,twitter,Reddit/metacanada,Reddit,1
3900,Reddit/canadaleft,Reddit,Facebook/Game Changers,Facebook,1
3905,twitter/LeadersDebate elxn43,twitter,4chan/pol,4chan,1
3925,twitter/cdnpoli GOTV elxn43,twitter,Facebook/Team Scheer,Facebook,1
3927,twitter/Canada poll CPC LPC NDP GPC BQ,twitter,Reddit/metacanada,Reddit,1
3928,twitter/climatechange cdnpoli,twitter,Reddit/metacanada,Reddit,1
3932,twitter/TrudeauBlackface TrudeauMustGo cdnpoli elxn43,twitter,Facebook/Qu√©bec FIER,Facebook,1
3945,twitter/TrudeauMustGo TrudeauMustGo canpoli onpoli,twitter,twitter/SunnyWays2019Rendition BecauseIts2019 elxn43 AllLiberalsMustGo,twitter,1
3945,twitter/SunnyWays2019Rendition BecauseIts2019 elxn43 AllLiberalsMustGo,twitter,Reddit/metacanada,Reddit,1
3945,Reddit/metacanada,Reddit,4chan/pol,4chan,1
3973,Reddit/metacanada,Reddit,4chan/pol,4chan,1
3974,Facebook/Don'tDrinktheCanadianCool-Aid,Facebook,Reddit/metacanada,Reddit,1
3991,Reddit/canada,Reddit,twitter/cdnpoli elxn2019 elxn43 FirstDebate,twitter,1
3991,twitter/cdnpoli elxn2019 elxn43 FirstDebate,twitter,twitter/elxn43 cdnpoli,twitter,1
3991,twitter/elxn43 cdnpoli,twitter,twitter/elxn43 MacLeansDebate Trudeau,twitter,1
3991,twitter/elxn43 MacLeansDebate Trudeau,twitter,twitter/LiarJohnson LiarTrudeau cdnpoli elxn43,twitter,1
4022,twitter/Elections2019 polqc polcan BlocQc,twitter,Facebook/Qu√©bec FIER,Facebook,1
4044,twitter/ChooseForwardWithoutLiberals cdnpoli,twitter,twitter/elxn43 cdnpoli Vancouver yvr,twitter,1
4044,twitter/elxn43 cdnpoli Vancouver yvr,twitter,twitter/cdnpoli yvr,twitter,1
4044,twitter/cdnpoli yvr,twitter,twitter/cdnpoli Toronto,twitter,1
4044,twitter/cdnpoli Toronto,twitter,Reddit/metacanada,Reddit,1
4045,twitter/humour Trudeau jagmeetsingh polcan PLC NPD,twitter,4chan/pol,4chan,1
4048,twitter/cdnpoli elxn43 TrudeauMustGo,twitter,Facebook/Team Scheer,Facebook,1
4052,twitter/YorkU UofT Ryerson cdnpoli onpoli TOpoli ottnews MAGA KAG,twitter,Reddit/metacanada,Reddit,1
4089,twitter/elxn43 polcan cdnpoli,twitter,twitter/Trudeau elxn43 polcan,twitter,1
4089,twitter/Trudeau elxn43 polcan,twitter,twitter/Canada Cdnpoli Election2019 October21,twitter,1
4089,twitter/Canada Cdnpoli Election2019 October21,twitter,Facebook/Qu√©bec FIER,Facebook,1
4098,twitter/canpoli TrudeauMustGo,twitter,Facebook/Justin Trudeau Not,Facebook,1
4108,twitter/wexit Brexit JasonKenney cdnpoli,twitter,Reddit/canadapoliticshumour,Reddit,1
4117,4chan/pol,4chan,twitter/wexit cdnpoli,twitter,1
4125,Reddit/canada,Reddit,twitter/elxn43 cdnpoli,twitter,1
4125,twitter/elxn43 cdnpoli,twitter,twitter/CanadaDebates2019 cdnpoli ForwardTogether,twitter,1
4165,Facebook/Leftist Memes for New Democrat Teens,Facebook,twitter/elxn43 cdnpoli,twitter,1
4169,twitter/canpoli TrudeaumustGo,twitter,Facebook/Justin Trudeau Not,Facebook,1
4170,Reddit/metacanada,Reddit,4chan/pol,4chan,1
4174,twitter/CDNPoli Elxn43 CPC ScheerIncompetence ScheerStupidity ScheerNonsense WeakAndy AltRightAndy,twitter,twitter/cdnpoli CPC,twitter,1
4174,twitter/cdnpoli CPC,twitter,4chan/pol,4chan,1
4177,twitter/cdnpoli wexit,twitter,4chan/pol,4chan,1
4178,Reddit/canada,Reddit,4chan/pol,4chan,1
4198,twitter/PPC polcan elxn43 cdnpoli,twitter,4chan/pol,4chan,1
4208,twitter/TrudeauBlackface TrudeauPrivilege Trudeau TrudeauMustResign TrudeauMustGo cndpoli,twitter,Reddit/metacanada,Reddit,1
4217,twitter/cdnpoli tcot polcan politicstoday Truexit,twitter,Facebook/Old Stock Canadian,Facebook,1
4226,Facebook/Justin Trudeau Not,Facebook,twitter/Blackface Trudeaumustgo canpoli,twitter,1
4226,twitter/Blackface Trudeaumustgo canpoli,twitter,twitter/cdnpoli TrudeauMustGo TrudeauMustGo TrudeauWorstPM TrudeauCorruption TrudeauCorruption,twitter,1
4317,4chan/pol,4chan,twitter/byeLiberals elxn43,twitter,1
4327,twitter/cdnpoli elxn43 TrudeauMustGo,twitter,Facebook/Team Scheer,Facebook,1
4329,twitter/elxn43 TrudeauMustGo,twitter,Facebook/Justin Trudeau Not,Facebook,1
4329,Facebook/Justin Trudeau Not,Facebook,Facebook/Justin Trudno,Facebook,1
4329,Facebook/Justin Trudno,Facebook,Reddit/metacanada,Reddit,1
4384,4chan/pol,4chan,twitter/cdnpoli CanadaElection2019,twitter,1
4399,4chan/pol,4chan,twitter/cdnpoli Trudeau,twitter,1
4399,twitter/cdnpoli Trudeau,twitter,twitter/ConservativeHypocrites elxn43,twitter,1
4410,Facebook/Justin Trudno,Facebook,twitter/cdnpoli elxn43 TrudeauMustGo,twitter,1
4410,twitter/cdnpoli elxn43 TrudeauMustGo,twitter,twitter/cdnpoli TrudeauMustGo,twitter,1
4410,twitter/cdnpoli TrudeauMustGo,twitter,twitter/elxn43 TrudeauMustGo,twitter,1
4410,twitter/elxn43 TrudeauMustGo,twitter,twitter/TrudeauMustGo FAIL piefucker canpoli,twitter,1
4410,twitter/TrudeauMustGo FAIL piefucker canpoli,twitter,twitter/TrudeauMustGo LiberalsMustGo cdnpoli elxn43,twitter,1
4410,twitter/TrudeauMustGo LiberalsMustGo cdnpoli elxn43,twitter,Reddit/metacanada,Reddit,1
4413,4chan/pol,4chan,twitter/Embarrassing TrudeauBlackface TrudeauMustGo cdnelxn2019 elxn43 CanadaVotes,twitter,1
4413,twitter/Embarrassing TrudeauBlackface TrudeauMustGo cdnelxn2019 elxn43 CanadaVotes,twitter,twitter/elxn43 cdnpoli,twitter,1
4413,twitter/elxn43 cdnpoli,twitter,twitter/TrudeauMustGo TrudeauWorstPM CanadaElection2019 elxn43,twitter,1
4416,twitter/Elexn43 ElectionDay canpoli,twitter,twitter/TrudeauMustGo cdnpoli elxn43,twitter,1
4416,twitter/TrudeauMustGo cdnpoli elxn43,twitter,twitter/elxn43 BlackfaceTrudeau,twitter,1
4416,twitter/elxn43 BlackfaceTrudeau,twitter,Reddit/metacanada,Reddit,1
4419,twitter/elxn43 cdnpoli canadavotes,twitter,Facebook/National Meme Board of Canada,Facebook,1
4424,Reddit/canadaleft,Reddit,Facebook/Game Changers,Facebook,1
4424,Facebook/Game Changers,Facebook,Facebook/Leftist Memes for New Democrat Teens,Facebook,1
4429,twitter/JustinTrudeau elxn43 FaithGoldy,twitter,Reddit/metacanada,Reddit,1
4445,Reddit/canadaleft,Reddit,Facebook/Leftist Memes for New Democrat Teens,Facebook,1
4446,twitter/elxn43 cdnpoli,twitter,Reddit/metacanada,Reddit,1
4453,Reddit/canadapoliticshumour,Reddit,twitter/StrategicVoting DontLetThemTellYouItCantBeDone elxn43,twitter,1
4490,Facebook/Game Changers,Facebook,Reddit/onguardforthee,Reddit,1
4508,twitter/Wexit WWG1WGA cdnpoli elxn,twitter,Facebook/Justin Trudeau Not,Facebook,1
4522,twitter/cdnpoli elxn43 October3rd,twitter,Facebook/Team Scheer,Facebook,1
4549,twitter/canpoli trudeaumustgo,twitter,Reddit/metacanada,Reddit,1
4565,twitter/LiberalismIsAMentalDisorder cdnpoli,twitter,twitter/thief cdnpoli,twitter,1
4565,twitter/thief cdnpoli,twitter,Facebook/Justin Trudeau Not,Facebook,1
4618,twitter/elxn43 cdnpoli,twitter,Reddit/canadapoliticshumour,Reddit,1
4623,twitter/cdnpoli canpoli elxn43 ChooseForward,twitter,4chan/pol,4chan,1
4634,4chan/pol,4chan,twitter/ableg cdnpoli elxn43,twitter,1
4653,twitter/cdnpoli TrudeauMustGo Trudeau Liberal Conservatives Canada Canadian Liberals onpoli FlushTheTurd,twitter,4chan/pol,4chan,1
4653,4chan/pol,4chan,twitter/canpoli TrudeauMustGo,twitter,1
4680,twitter/AndrewScheer cdnpoli,twitter,twitter/ScheeringTheResume AndysResume cdnpoli elxn43 ScheerNotAsAdvertised,twitter,1
4680,twitter/ScheeringTheResume AndysResume cdnpoli elxn43 ScheerNotAsAdvertised,twitter,4chan/pol,4chan,1
4712,twitter/PPC MaximeBernier cdnpoli elxn43,twitter,4chan/pol,4chan,1
4714,Reddit/metacanada,Reddit,4chan/pol,4chan,1
4752,twitter/PPC2019 cdnpoli,twitter,Reddit/canadaleft,Reddit,1
4752,Reddit/canadaleft,Reddit,Facebook/Game Changers,Facebook,1
4752,Facebook/Game Changers,Facebook,Facebook/Leftist Memes for New Democrat Teens,Facebook,1
4753,twitter/cdnpoli elxn43 TrudeauMustGo,twitter,Facebook/Team Scheer,Facebook,1
4764,Facebook/Don'tDrinktheCanadianCool-Aid,Facebook,twitter/elxn43 cdnpoli TrudeauMustGo,twitter,1
4772,Reddit/canada,Reddit,twitter/Trudeau Blackface cdnpoli,twitter,1
4772,twitter/Trudeau Blackface cdnpoli,twitter,twitter/Trudeau BlackfaceTrudeau elxn43 polcan cdnpoli,twitter,1
4772,twitter/Trudeau BlackfaceTrudeau elxn43 polcan cdnpoli,twitter,Reddit/canadapolitics,Reddit,1
4772,Reddit/canadapolitics,Reddit,twitter/Trump BlackFace elxn43,twitter,1
4772,twitter/Trump BlackFace elxn43,twitter,twitter/TrudeauMustGo TrudeauBlackface elxn43 cdnpoli,twitter,1
4772,twitter/TrudeauMustGo TrudeauBlackface elxn43 cdnpoli,twitter,twitter/elxn43 cdnpoli,twitter,1
4772,twitter/elxn43 cdnpoli,twitter,Reddit/metacanada,Reddit,1
4777,Facebook/Leftist Memes for New Democrat Teens,Facebook,Reddit/ndp,Reddit,1
4782,twitter/CDNvote2019 cdnpoli blackface,twitter,4chan/pol,4chan,1
4798,twitter/Scheer4PM LiberalsMustGo CDNvote2019 elxn43,twitter,Reddit/onguardforthee,Reddit,1
4800,twitter/cdnpoli tcot polcan politicstoday cbc defundcbc dismantlecbc privatizecbc,twitter,Facebook/Old Stock Canadian,Facebook,1
4812,4chan/pol,4chan,twitter/ExtinctionRebellion Climate Hypocrisy Edmonton cndpoli,twitter,1
4818,twitter/elxn43 cdnpoli,twitter,4chan/pol,4chan,1
4820,twitter/canpoli TrudeauMustgo,twitter,Facebook/Justin Trudeau Not,Facebook,1
4820,Facebook/Justin Trudeau Not,Facebook,Reddit/metacanada,Reddit,1
4839,twitter/climatestrikeTO cdnpoli elxn43,twitter,Facebook/Team Scheer,Facebook,1
4869,twitter/cdnpoli polcan polqc canada,twitter,4chan/pol,4chan,1
4906,twitter/cdnpoli onpoli,twitter,Facebook/Justin Trudeau Not,Facebook,1
4917,twitter/Brownface BrownFaceTrudeau elxn43,twitter,Reddit/canadapoliticshumour,Reddit,1
4917,Reddit/canadapoliticshumour,Reddit,twitter/brownface racism cdnpoli elxn43,twitter,1
4924,Reddit/canadaleft,Reddit,Facebook/Game Changers,Facebook,1
4924,Facebook/Game Changers,Facebook,twitter/cdnpoli elxn43 CanadaDebates2019,twitter,1
4924,twitter/cdnpoli elxn43 CanadaDebates2019,twitter,twitter/cdnpoli CanadaDebates2019,twitter,1
4924,twitter/cdnpoli CanadaDebates2019,twitter,Reddit/onguardforthee,Reddit,1
4926,twitter/firstdebate cdnpoli elxn43,twitter,Reddit/canadaleft,Reddit,1
4953,twitter/cdnpoli elxn43 TrudeauMustGo GOTV,twitter,Facebook/Team Scheer,Facebook,1
5004,twitter/elxn43 cdnpoli,twitter,Reddit/metacanada,Reddit,1
5017,Facebook/Justin Trudno,Facebook,4chan/pol,4chan,1
5021,twitter/Trudeau blackface Elexn43 Election2019 cdnpoli,twitter,4chan/pol,4chan,1
5069,Facebook/Don'tDrinktheCanadianCool-Aid,Facebook,Facebook/Justin Trudeau Not,Facebook,1
5069,Facebook/Justin Trudeau Not,Facebook,Reddit/metacanada,Reddit,1
5072,Reddit/canada,Reddit,twitter/canpoli TrudeauMustGo SNCLavalin,twitter,1
5072,twitter/canpoli TrudeauMustGo SNCLavalin,twitter,twitter/elxn43 canpoli,twitter,1
5072,twitter/elxn43 canpoli,twitter,twitter/cdnpoli Trudeau blackface,twitter,1
5072,twitter/cdnpoli Trudeau blackface,twitter,4chan/pol,4chan,1
5129,twitter/cdnpoli Election2019,twitter,Reddit/canadapoliticshumour,Reddit,1
5129,Reddit/canadapoliticshumour,Reddit,twitter/elxn43 cdnpoli,twitter,1
5138,Facebook/Leftist Memes for New Democrat Teens,Facebook,twitter/leadersdebate2019 NDP,twitter,1
5138,twitter/leadersdebate2019 NDP,twitter,Reddit/ndp,Reddit,1
5152,Reddit/canadapoliticshumour,Reddit,twitter/elxn43 cdnpoli,twitter,1
5160,twitter/elxn43 cdnpoli,twitter,4chan/pol,4chan,1
5184,twitter/cdnpoli TrudeauBlackface TrudeauMustGo,twitter,Reddit/onguardforthee,Reddit,1
5187,4chan/pol,4chan,twitter/cdnpoli TrudeauMustGo,twitter,1
5213,twitter/elxn43 cdnpoli,twitter,Facebook/OccupyCanada,Facebook,1
5234,twitter/TrudeauMustResign LiberalHypocrisy cndpoli,twitter,4chan/pol,4chan,1
5267,twitter/ScheerRacism Quebec ChooseForward elxn43,twitter,4chan/pol,4chan,1
5271,Reddit/canadaleft,Reddit,twitter/ClimateStrike cdnpoli youboughtapipeline Trudont,twitter,1
5275,twitter/elxn43 cdnpoli,twitter,Facebook/Team Scheer,Facebook,1
5342,twitter/elxn43 CPC TrudeauStillMustGo NDPBTFO,twitter,4chan/pol,4chan,1
5343,twitter/cdnpoli canpoli StandonGuard NotAsAdvertised,twitter,Facebook/National Meme Board of Canada,Facebook,1
5355,Facebook/Leftist Memes for New Democrat Teens,Facebook,twitter/cndpoli elxn43 leadersdebate2019,twitter,1
5362,twitter/ScheerWasSoPoorThat Satire CluckCluck cdnpoli elxn43,twitter,4chan/pol,4chan,1
5374,Facebook/Leftist Memes for New Democrat Teens,Facebook,twitter/cndpoli elxn43 AndrewScheer ScheerDisaster,twitter,1
5386,Reddit/canadaleft,Reddit,Facebook/Leftist Memes for New Democrat Teens,Facebook,1
5397,twitter/Scheer4PM cdnelxn2019 cdnpoli,twitter,twitter/cdnpoli nofreelunch,twitter,1
5397,twitter/cdnpoli nofreelunch,twitter,twitter/CPCMajority cdnpoli,twitter,1
5397,twitter/CPCMajority cdnpoli,twitter,twitter/cdnpoli Trudeaumustgo canadaisbroken elxn43,twitter,1
5397,twitter/cdnpoli Trudeaumustgo canadaisbroken elxn43,twitter,Reddit/metacanada,Reddit,1
5405,Reddit/metacanada,Reddit,4chan/pol,4chan,1
5409,twitter/ScheeringTheResume AndysResume cdnpoli elxn43,twitter,4chan/pol,4chan,1
5431,4chan/pol,4chan,twitter/TrudeauMustResign TrudeauMustGo TrudeauBlackface cdnpoli,twitter,1
5443,twitter/cdnpoli ScheerPuppet Elxn43,twitter,Facebook/National Meme Board of Canada,Facebook,1
5447,twitter/cdnpoli PPC2019,twitter,Reddit/onguardforthee,Reddit,1
5453,Facebook/Leftist Memes for New Democrat Teens,Facebook,twitter/elxn43 cdnpoli,twitter,1
5475,twitter/HamOnt elxn43,twitter,4chan/pol,4chan,1
5491,twitter/yeg ableg cdnpoli,twitter,twitter/elxn43 cdnpoli,twitter,1
5491,twitter/elxn43 cdnpoli,twitter,twitter/ElectionsCanada elxn43,twitter,1
5491,twitter/ElectionsCanada elxn43,twitter,twitter/cdnpoli elxn43 vote,twitter,1
5491,twitter/cdnpoli elxn43 vote,twitter,twitter/YQR skpoli cdnpoli,twitter,1
5491,twitter/YQR skpoli cdnpoli,twitter,4chan/pol,4chan,1
5493,twitter/cdnpoli elxn43 TrudeauMustGo,twitter,Facebook/Team Scheer,Facebook,1
5503,twitter/Scheer4PM CPCMajority CPC elx43,twitter,4chan/pol,4chan,1
5509,twitter/leadersdebate2019 CanadaDebates2019 NDP,twitter,4chan/pol,4chan,1
5509,4chan/pol,4chan,twitter/NDP Students college University Canada,twitter,1
5538,twitter/elxn43 cdnpoli TrudeauMustGo ChooseForward,twitter,twitter/elxn2019 elxn43 cdnpoli TrudeauMustGo ChooseForward,twitter,1
5538,twitter/elxn2019 elxn43 cdnpoli TrudeauMustGo ChooseForward,twitter,twitter/TrudeaulessTuesday elxn43 CDNvote2019,twitter,1
5538,twitter/TrudeaulessTuesday elxn43 CDNvote2019,twitter,twitter/TrudeaulessTuesday elxn43 cdnpoli,twitter,1
5538,twitter/TrudeaulessTuesday elxn43 cdnpoli,twitter,twitter/TrudeaulessTuesday elxn43 cdnpoli ChooseForward TrudeauMustGo CanadaDeservesBetter,twitter,1
5538,twitter/TrudeaulessTuesday elxn43 cdnpoli ChooseForward TrudeauMustGo CanadaDeservesBetter,twitter,twitter/elxn2019 cdnpoli CanadaElection2019,twitter,1
5538,twitter/elxn2019 cdnpoli CanadaElection2019,twitter,Reddit/metacanada,Reddit,1
5541,twitter/Trudeau Obama elxn43,twitter,twitter/polcan elxn43,twitter,1
5541,twitter/polcan elxn43,twitter,Reddit/canadapoliticshumour,Reddit,1
5550,Facebook/Don'tDrinktheCanadianCool-Aid,Facebook,twitter/TrudeauTheHyprocrite trudeaumustgo elxn43 cdnpoli,twitter,1
5560,Reddit/canada,Reddit,twitter/TrudeauBlackface cdnpoli elxn43,twitter,1
5560,twitter/TrudeauBlackface cdnpoli elxn43,twitter,Reddit/metacanada,Reddit,1
5561,Reddit/metacanada,Reddit,twitter/LOL elxn43,twitter,1
5566,twitter/blackface cdnpoli elxn43 TrudeauBlackface TrudeauMustGo,twitter,twitter/cdnpoli onpoli abpoli elxn43 MakeCanadaGreatAgain TrudeauMustGo TrudeauWorstPM Brownface,twitter,1
5566,twitter/cdnpoli onpoli abpoli elxn43 MakeCanadaGreatAgain TrudeauMustGo TrudeauWorstPM Brownface,twitter,Reddit/metacanada,Reddit,1
5573,twitter/elxn43 NeverScheer ChooseForwardWithTrudeau SaveCanada,twitter,twitter/cdnpoli elxn43 NeverScheer,twitter,1
5573,twitter/cdnpoli elxn43 NeverScheer,twitter,twitter/elxn43 canadavotes2019 CanadaDeservesBetter NeverScheer,twitter,1
5573,twitter/elxn43 canadavotes2019 CanadaDeservesBetter NeverScheer,twitter,twitter/elxn43 cdnpoli,twitter,1
5573,twitter/elxn43 cdnpoli,twitter,twitter/canpoli election2019 CanadaVotes canadavotes2019 ElectionsCanada Thanksgiving canada vote,twitter,1
5573,twitter/canpoli election2019 CanadaVotes canadavotes2019 ElectionsCanada Thanksgiving canada vote,twitter,twitter/ScheerDisaster cdnpoli elxn43 ThanksgivingWeekend thanksgiving2019,twitter,1
5573,twitter/ScheerDisaster cdnpoli elxn43 ThanksgivingWeekend thanksgiving2019,twitter,twitter/thanksgiving2019 cdnpoli cdnelxn2019 elxn43 vote ScheerDisaster,twitter,1
5573,twitter/thanksgiving2019 cdnpoli cdnelxn2019 elxn43 vote ScheerDisaster,twitter,Facebook/North99,Facebook,1
5580,twitter/AbLeg abpoli onpoli skpoli cdnpoli,twitter,twitter/cdnpoli NotAsAdvertised,twitter,1
5580,twitter/cdnpoli NotAsAdvertised,twitter,twitter/ElectionDay ChooseForward cdnpoli canadavotes2019,twitter,1
5580,twitter/ElectionDay ChooseForward cdnpoli canadavotes2019,twitter,Reddit/onguardforthee,Reddit,1
5651,Facebook/Justin Trudeau Not,Facebook,twitter/TrudeauMustGo cdnpoli elxn43 CanadaVotes CanadianThanksgiving,twitter,1
5651,twitter/TrudeauMustGo cdnpoli elxn43 CanadaVotes CanadianThanksgiving,twitter,Facebook/Qu√©bec FIER,Facebook,1
5666,Facebook/Leftist Memes for New Democrat Teens,Facebook,Reddit/ndp,Reddit,1
5719,4chan/pol,4chan,nan,Facebook,1
5739,4chan/pol,4chan,twitter/elxn43 ScheerVictory,twitter,1
5739,twitter/elxn43 ScheerVictory,twitter,twitter/CanadaDebates2019 cdnpoli elxn43,twitter,1
5780,Reddit/canada,Reddit,Facebook/Leftist Memes for New Democrat Teens,Facebook,1
5780,Facebook/Leftist Memes for New Democrat Teens,Facebook,twitter/elxn43 cdnpoli,twitter,1
5809,Reddit/canadapolitics,Reddit,twitter/elxn43 CPC LPC,twitter,1
5854,4chan/pol,4chan,Reddit/metacanada,Reddit,1
5870,Reddit/canadapolitics,Reddit,twitter/bigmouth s3 cdnpoli,twitter,1
5904,Facebook/Leftist Memes for New Democrat Teens,Facebook,twitter/elxn43 cdnpoli,twitter,1
5945,twitter/BreakingNews JustinTrudeau TrudeauMustGo TrudeauHypocrite LPC CPC PPC,twitter,Facebook/Old Stock Canadian,Facebook,1
5949,Facebook/Game Changers,Facebook,Reddit/onguardforthee,Reddit,1
5960,Reddit/canadaleft,Reddit,Facebook/Leftist Memes for New Democrat Teens,Facebook,1
5966,Reddit/canadapoliticshumour,Reddit,twitter/ScheerNotAsAdvertised cdnpoli elxn43,twitter,1
5970,Reddit/canadaleft,Reddit,Facebook/Leftist Memes for New Democrat Teens,Facebook,1
5979,twitter/politics cdnpoli,twitter,4chan/pol,4chan,1
6006,twitter/cdnpoli elxn43 UpRiSingh,twitter,Reddit/canadaleft,Reddit,1
6008,twitter/TrudeaMustGo cdnpoli,twitter,4chan/pol,4chan,1
6011,4chan/pol,4chan,nan,Facebook,1
6014,twitter/cdnpoli AbLeg abpoli,twitter,Facebook/Leftist Memes for New Democrat Teens,Facebook,1
6035,Reddit/canadaleft,Reddit,twitter/kamloops cookie cdnpoli,twitter,1
6041,twitter/yourvotematters elxn43,twitter,Reddit/canada,Reddit,1
6057,twitter/polcan elxn43,twitter,Reddit/canadapoliticshumour,Reddit,1
6100,4chan/pol,4chan,Reddit/metacanada,Reddit,1
6100,Reddit/metacanada,Reddit,4chan/pol,4chan,1
6114,Reddit/metacanada,Reddit,4chan/pol,4chan,1
6116,twitter/ElectionDay elxn43,twitter,Reddit/metacanada,Reddit,1
6125,Facebook/Game Changers,Facebook,Reddit/onguardforthee,Reddit,1
6153,twitter/CTV elxn43 trust,twitter,Facebook/Don'tDrinktheCanadianCool-Aid,Facebook,1
6170,twitter/ScheerDisaster ChooseForward elxn43,twitter,4chan/pol,4chan,1
6206,4chan/pol,4chan,twitter/elxn43 cdnpoli,twitter,1
6231,twitter/cdnpoli elxn43 Canada Trudeau LavScam,twitter,4chan/pol,4chan,1
6232,twitter/elxn43 elx43 cdnelxn2019,twitter,Facebook/Canada Proud,Facebook,1
6234,Reddit/canadaleft,Reddit,Facebook/National Meme Board of Canada,Facebook,1
6240,twitter/nuffsaid cdnpoli elxn43,twitter,twitter/elxn43 cdnpoli,twitter,1
6240,twitter/elxn43 cdnpoli,twitter,Reddit/metacanada,Reddit,1
6251,Reddit/canadaleft,Reddit,twitter/VoteOrange VoteNDP JagmeetSingh cdnpoli elxn43,twitter,1
6254,Reddit/canadaleft,Reddit,Facebook/Leftist Memes for New Democrat Teens,Facebook,1
6255,Facebook/Don'tDrinktheCanadianCool-Aid,Facebook,twitter/TrudeauMustGo canpoli,twitter,1
6350,Reddit/canadaleft,Reddit,Facebook/Leftist Memes for New Democrat Teens,Facebook,1
6354,twitter/ScheerDisaster cdnpoli elxn43,twitter,4chan/pol,4chan,1
6386,4chan/pol,4chan,twitter/cdnpoli onpoli abpoli elxn43 MakeCanadaGreatAgain TrudeauMustGo TrudeauWorstPM NotABot,twitter,1
6392,twitter/PeoplesParty cdnpoli,twitter,4chan/pol,4chan,1
6393,twitter/cdnpoli elx43,twitter,Reddit/canadaleft,Reddit,1
6403,4chan/pol,4chan,Reddit/canada,Reddit,1
6406,Facebook/Don'tDrinktheCanadianCool-Aid,Facebook,4chan/pol,4chan,1
6437,twitter/elxn43 ElectionsCanada,twitter,twitter/ColdWorldNoBlanket cndpoli MorningAfter NoChill,twitter,1
6437,twitter/ColdWorldNoBlanket cndpoli MorningAfter NoChill,twitter,Reddit/canadapoliticshumour,Reddit,1
6437,Reddit/canadapoliticshumour,Reddit,Reddit/canadianpolitics,Reddit,1
6467,twitter/TrudeauCorruption cndpoli ottawa,twitter,4chan/pol,4chan,1
6491,Facebook/Justin Trudno,Facebook,Reddit/metacanada,Reddit,1
6498,twitter/iOS13 cdnpoli blackface BrownFaceTrudeau,twitter,Reddit/metacanada,Reddit,1
6498,Reddit/metacanada,Reddit,4chan/pol,4chan,1
6522,twitter/elxn43 elxnday ABC,twitter,twitter/elxn43 SheerHypocrisy SheerMadness,twitter,1
6522,twitter/elxn43 SheerHypocrisy SheerMadness,twitter,Facebook/North99,Facebook,1
6528,twitter/cdnpoli elx43,twitter,Reddit/canadaleft,Reddit,1
6528,Reddit/canadaleft,Reddit,Facebook/Leftist Memes for New Democrat Teens,Facebook,1
6541,Reddit/canadapoliticshumour,Reddit,twitter/Canelxn elxn43,twitter,1
6578,twitter/CPC Trump Satire,twitter,4chan/pol,4chan,1
6616,twitter/TrudeauMustGo twatwaffle cdnpoli elxn43,twitter,twitter/TrudeauMustGo TrudeauBlackface cdnpoli elxn43,twitter,1
6616,twitter/TrudeauMustGo TrudeauBlackface cdnpoli elxn43,twitter,4chan/pol,4chan,1
6621,Reddit/canada,Reddit,twitter/TrudeauBlackface cdnpoli elx43 elxn2019,twitter,1
6629,twitter/elxn43 canadavotes2019 CanadaElection2019 CanadaDeservesBetter,twitter,4chan/pol,4chan,1
6693,twitter/elxn43 TrudeauMustGo CDNvote2019 cdnpoli,twitter,Facebook/Qu√©bec FIER,Facebook,1
6710,twitter/WhyIVotedPeoplesParty elxn43 polcan canpoli PeoplesPartyofCanada,twitter,Reddit/metacanada,Reddit,1
6710,Reddit/metacanada,Reddit,twitter/onpoli cdnpoli RealTalk Truth,twitter,1
6718,twitter/cdnpoli ABpoli,twitter,4chan/pol,4chan,1
6719,twitter/skpoli cdnpoli,twitter,Reddit/canadapolitics,Reddit,1
6724,twitter/ClimateBrawl ScienceIsSettled elxn43,twitter,4chan/pol,4chan,1
6739,twitter/cdnpoli Leadersdebate,twitter,nan,Facebook,1
6756,twitter/elxn43 cdnpoli faceafaceTVA,twitter,4chan/pol,4chan,1
6801,twitter/elxn43 cdnpoli,twitter,4chan/pol,4chan,1
6814,Facebook/Mad Max Bernier,Facebook,4chan/pol,4chan,1
6818,twitter/ParodyCabinet cdnpoli,twitter,twitter/elxn43 cdnpoli,twitter,1
6818,twitter/elxn43 cdnpoli,twitter,Facebook/Team Scheer,Facebook,1
6827,twitter/elxn43 cdnpoli CancelCultureCancelled,twitter,4chan/pol,4chan,1
6906,Reddit/metacanada,Reddit,4chan/pol,4chan,1
6939,Reddit/canadaleft,Reddit,Facebook/Leftist Memes for New Democrat Teens,Facebook,1
6944,twitter/cdnpoli elxn43 ItsOurVote,twitter,4chan/pol,4chan,1
6955,twitter/cdnpoli elxn43 gpc ndp,twitter,Reddit/canadapoliticshumour,Reddit,1
6996,Facebook/Leftist Memes for New Democrat Teens,Facebook,Reddit/onguardforthee,Reddit,1
7010,4chan/pol,4chan,Reddit/metacanada,Reddit,1
7035,4chan/pol,4chan,Reddit/metacanada,Reddit,1
7040,twitter/Canada elxn43,twitter,Facebook/OccupyCanada,Facebook,1
7059,twitter/UN ONU ygreck elxn43,twitter,4chan/pol,4chan,1
7075,twitter/wexit cdnpoli,twitter,4chan/pol,4chan,1
7081,twitter/elxn43 cdnpoli,twitter,Reddit/metacanada,Reddit,1
7148,twitter/Canada cdnpoli CanadaVotes,twitter,twitter/elxn43 cdnpoli ScheerHypocrisy ScheerHomophobia scheerweakness,twitter,1
7148,twitter/elxn43 cdnpoli ScheerHypocrisy ScheerHomophobia scheerweakness,twitter,Reddit/onguardforthee,Reddit,1
7153,4chan/pol,4chan,twitter/cdnpoli elxn2019 ANDREWSCHEER4PM,twitter,1
7168,Facebook/Game Changers,Facebook,Facebook/Leftist Memes for New Democrat Teens,Facebook,1
7168,Facebook/Leftist Memes for New Democrat Teens,Facebook,Reddit/onguardforthee,Reddit,1
7174,twitter/cdnpoli ClimateStrike,twitter,twitter/elxn43 cdnpoli,twitter,1
7174,twitter/elxn43 cdnpoli,twitter,Reddit/metacanada,Reddit,1
7192,Facebook/Justin Trudeau Not,Facebook,Facebook/Justin Trudno,Facebook,1
7192,Facebook/Justin Trudno,Facebook,Reddit/metacanada,Reddit,1
7199,twitter/cdnpoli yow onpoli qcpoli topoli,twitter,Reddit/canadaleft,Reddit,1
7219,twitter/Whitby elxn43,twitter,Reddit/canada,Reddit,1
7220,twitter/Trudeau elxn43 elxn2019,twitter,twitter/yeg cdnpoli elxn43,twitter,1
7220,twitter/yeg cdnpoli elxn43,twitter,Reddit/metacanada,Reddit,1
7227,Reddit/canadapoliticshumour,Reddit,twitter/Elexn43 LPC,twitter,1
7254,twitter/WheresSophie elxn43 TrudeauMustGo,twitter,twitter/canpoli TrudeauMustGo,twitter,1
7254,twitter/canpoli TrudeauMustGo,twitter,Facebook/Justin Trudeau Not,Facebook,1
7256,4chan/pol,4chan,twitter/PPC canpoli,twitter,1
7317,twitter/uspoli cdnpoli pnpcbc UKpolitics auspol polcan eupol nzpol CTVpp elxn43,twitter,4chan/pol,4chan,1
7332,Reddit/canadaleft,Reddit,Facebook/Leftist Memes for New Democrat Teens,Facebook,1
7334,4chan/pol,4chan,twitter/ppc Canada,twitter,1
7342,twitter/onpoli cdnpoli SunniWays,twitter,Reddit/metacanada,Reddit,1
7367,twitter/LiberalHypocrisy TrudeauMustGo CanadaDeservesBetter cdnpoli elxn43,twitter,twitter/cdnpoli elxn43 TrudeauMustGo,twitter,1
7367,twitter/cdnpoli elxn43 TrudeauMustGo,twitter,4chan/pol,4chan,1
7369,twitter/polcan elxn43,twitter,Reddit/canadapoliticshumour,Reddit,1
7374,twitter/GretaThunberg elxn43 polcan cdnpoli,twitter,Reddit/metacanada,Reddit,1
7379,twitter/elxn43 cdnpoli ChooseForward,twitter,4chan/pol,4chan,1
7399,Reddit/canadapoliticshumour,Reddit,twitter/elxn2019 cdnpoli,twitter,1
7409,twitter/elxn43 cdnpoli,twitter,4chan/pol,4chan,1
7445,twitter/CanadaDebates2019 elx43 CDNvote2019 cdnpoli,twitter,4chan/pol,4chan,1
7471,twitter/ScheerDesperation cdnpoli,twitter,4chan/pol,4chan,1
7488,twitter/elxn43 cdnpoli,twitter,4chan/pol,4chan,1
7492,twitter/elxn43 PPC2019 PPC,twitter,4chan/pol,4chan,1
7493,4chan/pol,4chan,twitter/canpoli TrudeauMustResign,twitter,1
7504,twitter/elxn43 cdnpoli,twitter,4chan/pol,4chan,1
7521,twitter/elxn43 cdnpoli,twitter,Facebook/National Meme Board of Canada,Facebook,1
7548,twitter/YANKEEdoodleAndy elxn43,twitter,Reddit/canadapoliticshumour,Reddit,1
7550,twitter/elxn43 partivert greenwave,twitter,Reddit/onguardforthee,Reddit,1
7595,twitter/brownface cdnpoli JustinTrudeau,twitter,Reddit/metacanada,Reddit,1
7638,twitter/elxn43 cdnpoli,twitter,4chan/pol,4chan,1
7645,twitter/blackface cdnpoli,twitter,4chan/pol,4chan,1
7678,Reddit/canadapolitics,Reddit,Facebook/Leftist Memes for New Democrat Teens,Facebook,1
7689,twitter/elxn43 canadavotes2019 CanadaElection2019 canadavotes2019 CanadaDeservesBetter NDP canpoli cdnpoli,twitter,4chan/pol,4chan,1
7697,twitter/elxn43 cdnpoli,twitter,4chan/pol,4chan,1
7765,Facebook/Don't Drink the Canadian Cool-Aid,Facebook,twitter/elxn43 TrudeauMustGo,twitter,1
7774,4chan/pol,4chan,twitter/elxn43 cdnpoli,twitter,1
7850,twitter/cdnpoli Captaincrayon,twitter,Reddit/metacanada,Reddit,1
7876,twitter/cdnpoli abpoli WEXIT WEXITNOW,twitter,Facebook/Canada Proud,Facebook,1
7882,twitter/cdnpoli NDP,twitter,Facebook/Leftist Memes for New Democrat Teens,Facebook,1
7892,twitter/cdnpoli JustinTrudeaubrownface,twitter,twitter/cndpoli poli racism Trudeau,twitter,1
7892,twitter/cndpoli poli racism Trudeau,twitter,4chan/pol,4chan,1
7902,4chan/pol,4chan,Reddit/metacanada,Reddit,1
7919,twitter/PolQc PolCan PPC elxn43,twitter,Facebook/Qu√©bec FIER,Facebook,1
7920,twitter/elxn43 elxn2019,twitter,Reddit/metacanada,Reddit,1
7928,Reddit/metacanada,Reddit,4chan/pol,4chan,1
7929,twitter/Trudeau JustinTrudeau BlackFace cdnpoli elxn43,twitter,Reddit/metacanada,Reddit,1
7951,twitter/cdnpoli cpc,twitter,4chan/pol,4chan,1
7992,Facebook/Don'tDrinktheCanadianCool-Aid,Facebook,Reddit/metacanada,Reddit,1
8008,twitter/MissedThePoint OverHisHead ScheerWasSoPoor ScheerWasSoPoorThat cdnpoli elxn43 canpoli ChooseForward,twitter,4chan/pol,4chan,1
8026,Reddit/metacanada,Reddit,Facebook/National Meme Board of Canada,Facebook,1
8054,twitter/HighTreason TrudeauMustGoToJail LiberalismIsAMentalDisorder FireRCMPcommr cdnpoli AbolishTheUN,twitter,4chan/pol,4chan,1
8079,twitter/Canada elxn43 map Maps,twitter,nan,Reddit,1
8095,twitter/Elexn43 cdnpoli,twitter,Facebook/NL Strong,Facebook,1
8099,twitter/Cdnpoli Elexn43,twitter,4chan/pol,4chan,1
8100,twitter/PPC cdnpoli,twitter,4chan/pol,4chan,1
8127,twitter/NDP cdnpoli elxn43,twitter,Reddit/onguardforthee,Reddit,1
8149,twitter/cdnpoli tcot polcan politicstoday,twitter,Facebook/Old Stock Canadian,Facebook,1
8164,twitter/elxn43 TrudeauBlackface,twitter,Reddit/metacanada,Reddit,1
8173,4chan/pol,4chan,Reddit/metacanada,Reddit,1
8177,twitter/cdnpoli LGBTQ,twitter,Facebook/National Meme Board of Canada,Facebook,1
8181,twitter/elxn43 cdnpoli,twitter,twitter/elxn43 cdnpoli CDNvote2019,twitter,1
8181,twitter/elxn43 cdnpoli CDNvote2019,twitter,4chan/pol,4chan,1
8256,twitter/polqc polcan,twitter,Reddit/metacanada,Reddit,1
8264,Reddit/metacanada,Reddit,4chan/pol,4chan,1
8267,twitter/elxn43 canadavotes2019 cdnpoli TrudeauMustGo elxn2019,twitter,Facebook/Canada Proud,Facebook,1
8329,twitter/elxn43 LPC,twitter,Reddit/metacanada,Reddit,1
8331,4chan/pol,4chan,twitter/cdnpoli ABpoli BCpoli,twitter,1
8335,twitter/blackface BrownFaceTrudeau cdnpoli elxn43,twitter,Reddit/metacanada,Reddit,1
8360,twitter/cdnpoli onpoli polqc ableg bcpoli,twitter,Reddit/metacanada,Reddit,1
8361,twitter/elxn43 cdnpoli,twitter,4chan/pol,4chan,1
8385,twitter/YellowVests yellowvestscantwrite cnd2019 cndpoli,twitter,Reddit/onguardforthee,Reddit,1
8394,Reddit/canada,Reddit,twitter/cdnpoli CDNvote2019 cdnelxn2019 JustinTrudeau,twitter,1
8410,twitter/cdnpoli canpoli,twitter,Facebook/NationalMemeBoardofCanada,Facebook,1
8411,twitter/elxn43 TrudeauMustGo,twitter,Reddit/metacanada,Reddit,1
8419,4chan/pol,4chan,Reddit/metacanada,Reddit,1
8440,twitter/cdnpoli JustinTrudeau ElizabethMay JagmeetSingh,twitter,Reddit/onguardforthee,Reddit,1
8483,4chan/pol,4chan,twitter/debate cdnpoli,twitter,1
8485,twitter/cdnpoli elxn43 HighCarbonHypocrite,twitter,Reddit/metacanada,Reddit,1
8486,twitter/PLC PolQc PolCan elxn43,twitter,4chan/pol,4chan,1
8487,twitter/elxn43 cdnpoli,twitter,4chan/pol,4chan,1
8508,twitter/cdnpoli TrudeauMustGo Trudeau Liberal Conservatives Canada Canadian Liberals onpoli,twitter,Reddit/onguardforthee,Reddit,1
8523,Reddit/canadaleft,Reddit,Facebook/Leftist Memes for New Democrat Teens,Facebook,1
8533,4chan/pol,4chan,Reddit/metacanada,Reddit,1
8534,Reddit/canadaleft,Reddit,Facebook/National Meme Board of Canada,Facebook,1
