source,target,cluster,weight
4chan/pol,Facebook/Canada Proud,3822,1
4chan/pol,Facebook/Don'tDrinktheCanadianCool-Aid,9879,2
4chan/pol,Facebook/Justin Trudno,5017,1
4chan/pol,Facebook/Mad Max Bernier,6814,1
4chan/pol,Reddit/canada,7051,2
4chan/pol,Reddit/canadaleft,415,1
4chan/pol,Reddit/metacanada,55262,9
4chan/pol,twitter/Canada TrudeauCorruption TrudeauBlackface cdnpoli,301,1
4chan/pol,twitter/CanadaDebates2019 elx43 CDNvote2019 cdnpoli,7445,1
4chan/pol,twitter/CanadaElection2019 elxn43,938,1
4chan/pol,twitter/ChooseForward elxn43,2031,1
4chan/pol,twitter/ClimateBrawl ScienceIsSettled elxn43,6724,1
4chan/pol,twitter/ConservativeHypocrites elxn43,4399,1
4chan/pol,twitter/ConservativesHurtKids cdnpoli elxn43,1442,1
4chan/pol,twitter/ElectionsCanada elxn43,5491,1
4chan/pol,twitter/Embarrassing TrudeauBlackface TrudeauMustGo cdnelxn2019 elxn43 CanadaVotes,4413,1
4chan/pol,twitter/Leadersdebate cdnpoli elxn43,320,1
4chan/pol,twitter/MakeMrBernierPM PeoplesPartyofCanada elxn43,1091,1
4chan/pol,twitter/NationalBlackDogDay cdnpoli Trudeau,1243,1
4chan/pol,twitter/PPC MaximeBernier cdnpoli elxn43,4712,1
4chan/pol,twitter/PPC cdnpoli,8100,1
4chan/pol,twitter/PeoplesParty cdnpoli,6392,1
4chan/pol,twitter/SaturdayMotivation cndpoli elxn43 Election2019,2372,1
4chan/pol,twitter/Scheer ItsOurVote ElectionsCanada elxn43 CanadianElection,1900,1
4chan/pol,twitter/ScheerRacism Quebec ChooseForward elxn43,5267,1
4chan/pol,twitter/ScheeringTheResume AndysResume cdnpoli elxn43 ScheerNotAsAdvertised,4680,1
4chan/pol,twitter/StopScheer CalledTheConsForAReason elxn43,2050,1
4chan/pol,twitter/Trudeau blackface Elexn43 Election2019 cdnpoli,5021,1
4chan/pol,twitter/TrudeauMustGo elxn43,1360,1
4chan/pol,twitter/WhyScheerLost cdnpoli,2115,1
4chan/pol,twitter/ableg cdnpoli elxn43,4634,1
4chan/pol,twitter/ableg elxn43 VoteLiberal,2947,1
4chan/pol,twitter/blackface cdnpoli elxn43 elxn2019 onpoli TOpoli ChooseForward,277,1
4chan/pol,twitter/cdnpoli ABpoli BCpoli,8331,1
4chan/pol,twitter/cdnpoli CDNvote2019,918,1
4chan/pol,twitter/cdnpoli CanadaElection2019,4384,1
4chan/pol,twitter/cdnpoli ScheerDisaster canadavotes2019,2926,1
4chan/pol,twitter/cdnpoli canadaelection2019 elxn43,1982,1
4chan/pol,twitter/cdnpoli elxn2019 ANDREWSCHEER4PM,7153,1
4chan/pol,twitter/cdnpoli elxn43,24187,4
4chan/pol,twitter/cdnpoli elxn43 ClimateStrike ClimateAction AttackRealPolluters OilSandsProud SupportCanadianEnergy,3224,1
4chan/pol,twitter/cdnpoli polcan polqc canada,4869,1
4chan/pol,twitter/chooseforward SNCaladdin elxn43,2730,1
4chan/pol,twitter/cndpoli elxn43 LiberalCorruption TrudeauCorruption VoteThemAllOut,1126,1
4chan/pol,twitter/cndpoli poli racism Trudeau,7892,1
4chan/pol,twitter/debatdeschefs2019 debatdeschefs elxn43,1149,1
4chan/pol,twitter/debate cdnpoli,8483,1
4chan/pol,twitter/elxn43 CPC TrudeauStillMustGo NDPBTFO,5342,1
4chan/pol,twitter/elxn43 CanadaElection2019 CanadianElection cdnpoli exln43 wexit albertastrong westerncanadaeternal,2239,1
4chan/pol,twitter/elxn43 ElectionsCanada BlocQc,3677,1
4chan/pol,twitter/elxn43 PPC2019 PPC,7492,1
4chan/pol,twitter/elxn43 canpoli,5072,1
4chan/pol,twitter/elxn43 cdnpoli,22793,4
4chan/pol,twitter/elxn43 cdnpoli FordIsFailing DrinkUpSuckers onpoli,27,1
4chan/pol,twitter/elxn43 cdnpoli canpoli topoli canadavotes2019 canadaelections2019 TrudeauMustGo Canada,3743,1
4chan/pol,twitter/elxn43 cdnpolil leadersdebate2019,2057,1
4chan/pol,twitter/hamont onpoli elxn43,1049,1
4chan/pol,twitter/hw cdnpoli,231,1
4chan/pol,twitter/leadersdebate2019 CanadaDebates2019 NDP,5509,1
4chan/pol,twitter/onpoli cdnpoli elxn43,1523,1
4chan/pol,twitter/uspoli cdnpoli pnpcbc UKpolitics auspol polcan eupol nzpol CTVpp elxn43,7317,1
4chan/pol,twitter/wexit cdnpoli,4117,1
Facebook/Canada Proud,twitter/TrudeauMustGo SaveCanada elxn43,3382,3
Facebook/Canada Proud,twitter/TrudeauMustGo StopTheCoalition elxn43,257,1
Facebook/Canada Proud,twitter/cdnpoli abpoli WEXIT WEXITNOW,7876,1
Facebook/Canada Proud,twitter/cdnpoli elxn2019,2703,1
Facebook/Canada Proud,twitter/cdnpoli elxn43,3058,2
Facebook/Canada Proud,twitter/elxn43 TrudeauMustGo,856,1
Facebook/Canada Proud,twitter/elxn43 canadavotes2019 cdnpoli TrudeauMustGo elxn2019,8267,1
Facebook/Canada Proud,twitter/elxn43 elx43 cdnelxn2019,6232,1
Facebook/Canada Proud,twitter/exln43 cdnpoli,700,1
Facebook/Don't Drink the Canadian Cool-Aid,twitter/cdnpoli elxn43,301,1
Facebook/Don't Drink the Canadian Cool-Aid,twitter/elxn43 TrudeauMustGo,7765,1
Facebook/Don'tDrinktheCanadianCool-Aid,Facebook/Justin Trudeau Not,2596,1
Facebook/Don'tDrinktheCanadianCool-Aid,Reddit/metacanada,13061,2
Facebook/Don'tDrinktheCanadianCool-Aid,twitter/TrudeauTheHyprocrite trudeaumustgo elxn43 cdnpoli,5550,1
Facebook/Game Changers,Facebook/Leftist Memes for New Democrat Teens,4752,1
Facebook/Game Changers,Reddit/canadaleft,13248,3
Facebook/Game Changers,Reddit/ndp,828,1
Facebook/Game Changers,Reddit/onguardforthee,16564,3
Facebook/Game Changers,twitter/cdnpoli elx43,1694,1
Facebook/Justin Trudeau Not,Facebook/Don'tDrinktheCanadianCool-Aid,5069,1
Facebook/Justin Trudeau Not,Reddit/metacanada,2596,1
Facebook/Justin Trudeau Not,twitter/Blackface Trudeaumustgo canpoli,4226,1
Facebook/Justin Trudeau Not,twitter/TrudeauMustGo cdnpoli elxn43 CanadaVotes CanadianThanksgiving,5651,1
Facebook/Justin Trudeau Not,twitter/Trudeaumustgo canpoli,2439,1
Facebook/Justin Trudeau Not,twitter/Wexit WWG1WGA cdnpoli elxn,4508,1
Facebook/Justin Trudeau Not,twitter/WheresSophie elxn43 TrudeauMustGo,7254,1
Facebook/Justin Trudeau Not,twitter/canpoli TrudeauMustgo,4820,1
Facebook/Justin Trudeau Not,twitter/canpoli TrudeaumustGo,4169,1
Facebook/Justin Trudeau Not,twitter/cdnpoli TrudeauMustGo TrudeauMustGo TrudeauWorstPM TrudeauCorruption TrudeauCorruption,1220,1
Facebook/Justin Trudeau Not,twitter/cdnpoli elxn2019 canadavotes2019 elxn43,632,1
Facebook/Justin Trudeau Not,twitter/cdnpoli onpoli,1501,1
Facebook/Justin Trudeau Not,twitter/elxn43 TrudeauMustGo,4329,1
Facebook/Justin Trudno,4chan/pol,428,1
Facebook/Justin Trudno,Reddit/metacanada,13128,3
Facebook/Justin Trudno,twitter/TrudeauMustGo cdnpoli,2706,1
Facebook/Justin Trudno,twitter/TrudeauTheHyprocrite elxn43 cdnpoli,359,1
Facebook/Leftist Memes for New Democrat Teens,Facebook/Game Changers,11592,2
Facebook/Leftist Memes for New Democrat Teens,Reddit/canadaleft,46815,9
Facebook/Leftist Memes for New Democrat Teens,Reddit/canadapolitics,7678,1
Facebook/Leftist Memes for New Democrat Teens,Reddit/canadapoliticshumour,2346,1
Facebook/Leftist Memes for New Democrat Teens,Reddit/ndp,14325,5
Facebook/Leftist Memes for New Democrat Teens,Reddit/onguardforthee,16502,3
Facebook/Leftist Memes for New Democrat Teens,twitter/PPC2019 cdnpoli,4752,1
Facebook/Leftist Memes for New Democrat Teens,twitter/SinghUpswing cndpoli elxn43,3760,1
Facebook/Leftist Memes for New Democrat Teens,twitter/cdnpoli AbLeg abpoli,6014,1
Facebook/Leftist Memes for New Democrat Teens,twitter/cdnpoli WEXITALBERTA,3166,2
Facebook/Leftist Memes for New Democrat Teens,twitter/cdnpoli canpoli elxn43 ChooseForward,3168,1
Facebook/Leftist Memes for New Democrat Teens,twitter/cdnpoli elx43,6528,1
Facebook/Leftist Memes for New Democrat Teens,twitter/cdnpoli elxn43,5904,1
Facebook/Leftist Memes for New Democrat Teens,twitter/cdnpoli elxn43 SinghUpswing,1479,1
Facebook/Leftist Memes for New Democrat Teens,twitter/cndpoli elxn43 leadersdebate2019,5355,1
Facebook/Leftist Memes for New Democrat Teens,twitter/elxn2019 elxn43 cdnpoli polqc polcan,1320,1
Facebook/Leftist Memes for New Democrat Teens,twitter/elxn43 NDP,3360,1
Facebook/Leftist Memes for New Democrat Teens,twitter/elxn43 NDP NDP2019 CanadaElection2019,1552,1
Facebook/Leftist Memes for New Democrat Teens,twitter/elxn43 cdnpoli,9618,2
Facebook/Leftist Memes for New Democrat Teens,twitter/elxn43 elxn2019 CanadaVotes,2586,1
Facebook/LeftistMemesforNewDemocratTeens,Reddit/canadaleft,3369,1
Facebook/LeftistMemesforNewDemocratTeens,Reddit/ndp,319,1
Facebook/LeftistMemesforNewDemocratTeens,twitter/canadavotes2019 elxn43 CanadaElection2019 ItsOurVote,1320,1
Facebook/LeftistMemesforNewDemocratTeens,twitter/cdnpoli elxn2019 elxn43,1034,1
Facebook/LeftistMemesforNewDemocratTeens,twitter/cdnpoli elxn43 voteNDP,1910,1
Facebook/LeftistMemesforNewDemocratTeens,twitter/cndpoli Vote,61,1
Facebook/LeftistMemesforNewDemocratTeens,twitter/cndpoli elxn43 AndrewScheer ScheerDisaster,5374,1
Facebook/LeftistMemesforNewDemocratTeens,twitter/elxn43 cdnpoli,321,1
Facebook/LeftistMemesforNewDemocratTeens,twitter/vote elxn43 elxn2019,2472,1
Facebook/Mad Max Bernier,Facebook/Justin Trudeau Not,632,1
Facebook/National Meme Board of Canada,Facebook/Leftist Memes for New Democrat Teens,1396,1
Facebook/National Meme Board of Canada,Reddit/canadaleft,14768,2
Facebook/National Meme Board of Canada,Reddit/metacanada,8026,1
Facebook/National Meme Board of Canada,twitter/Alberta albertaseparation growup elxn43,1986,1
Facebook/National Meme Board of Canada,twitter/cdnpoli LGBTQ,8177,1
Facebook/National Meme Board of Canada,twitter/cdnpoli canpoli StandonGuard NotAsAdvertised,5343,1
Facebook/National Meme Board of Canada,twitter/cdnpoli elxn43 AmericAndy,1380,1
Facebook/National Meme Board of Canada,twitter/elxn43 cdnpoli canadavotes,4419,1
Facebook/NationalMemeBoardofCanada,twitter/elxn43 cdnpoli Vote NeverScheer,1238,1
Facebook/NationalMemeBoardofCanada,twitter/peopleinglasshouses ScheerLies cdnpoli,3371,1
Facebook/North99,twitter/canpoli election2019 CanadaVotes canadavotes2019 ElectionsCanada Thanksgiving canada vote,5573,1
Facebook/North99,twitter/elxn43 SheerHypocrisy SheerMadness,6522,1
Facebook/OccupyCanada,twitter/Canada elxn43,7040,1
Facebook/OccupyCanada,twitter/ClimateChange oil coal pollution cleanenergy cdnpoli GretaThurnberg GretaInAlberta,2098,1
Facebook/OccupyCanada,twitter/elxn43 canadavotes2019 CanadaDeservesBetter,996,1
Facebook/OccupyCanada,twitter/elxn43 cdnpoli,6147,2
Facebook/OccupyCanada,twitter/elxn43 cdnpoli InItForYou,1889,1
Facebook/Old Stock Canadian,4chan/pol,6304,2
Facebook/Old Stock Canadian,Reddit/metacanada,3650,1
Facebook/Old Stock Canadian,twitter/BreakingNews JustinTrudeau TrudeauMustGo TrudeauHypocrite LPC CPC PPC,5945,1
Facebook/Old Stock Canadian,twitter/cdnpoli tcot polcan,5133,2
Facebook/Old Stock Canadian,twitter/cdnpoli tcot polcan politicstoday,8149,1
Facebook/Old Stock Canadian,twitter/cdnpoli tcot polcan politicstoday Truexit,4730,2
Facebook/Old Stock Canadian,twitter/cdnpoli tcot polcan politicstoday cbc defundcbc dismantlecbc privatizecbc,4800,1
Facebook/Qu√©bec FIER,Facebook/Justin Trudeau Not,5651,1
Facebook/Qu√©bec FIER,twitter/Canada Cdnpoli Election2019 October21,4089,1
Facebook/Qu√©bec FIER,twitter/Elections2019 polqc polcan BlocQc,4022,1
Facebook/Qu√©bec FIER,twitter/TrudeauBlackface TrudeauMustGo cdnpoli elxn43,3932,1
Facebook/Qu√©bec FIER,twitter/elxn43 TrudeauMustGo CDNvote2019 cdnpoli,6693,1
Facebook/Team Scheer,twitter/DefundCBC cdnpoli elxn43 TrudeauMustGo,103,1
Facebook/Team Scheer,twitter/cdnpoli GOTV elxn43,3925,1
Facebook/Team Scheer,twitter/cdnpoli TrudeauTheHyprocrite TrudeauTwoPlanes elxn43,3502,1
Facebook/Team Scheer,twitter/cdnpoli elxn43,23583,8
Facebook/Team Scheer,twitter/cdnpoli elxn43 TrudeauMustGo,18784,5
Facebook/Team Scheer,twitter/cdnpoli elxn43 TrudeauMustGo GOTV,4953,1
Facebook/Team Scheer,twitter/climatestrikeTO cdnpoli elxn43,4839,1
Reddit/canada,4chan/pol,6391,3
Reddit/canada,Facebook/Leftist Memes for New Democrat Teens,1770,1
Reddit/canada,Reddit/canadapolitics,10223,3
Reddit/canada,Reddit/canadapoliticshumour,3100,2
Reddit/canada,Reddit/metacanada,6933,4
Reddit/canada,Reddit/onguardforthee,2495,2
Reddit/canada,twitter/JeVoteBloc exln43 polcan polqc Oui21,2042,1
Reddit/canada,twitter/PeoplesParty PPC2019 elxn43,3184,1
Reddit/canada,twitter/TrudeauBlackface TrudeauPrivilege Trudeau TrudeauMustResign TrudeauMustGo cndpoli,2419,1
Reddit/canada,twitter/TrudeauBlackface cdnpoli elxn43,5560,1
Reddit/canada,twitter/TrudeauMustGo TrudeauBlackface elxn43 cdnpoli,4772,1
Reddit/canada,twitter/WeakAndy cdnpoli elxn43,1577,1
Reddit/canada,twitter/Whitby elxn43,7219,1
Reddit/canada,twitter/canpoli TrudeauMustGo SNCLavalin,5072,1
Reddit/canada,twitter/canpoli justintrudeau topoli,56,1
Reddit/canada,twitter/cdnpoli CDNvote2019 cdnelxn2019 JustinTrudeau,8394,1
Reddit/canada,twitter/cdnpoli browngirlproblems,688,1
Reddit/canada,twitter/cdnpoli elxn2019 elxn43 FirstDebate,3991,1
Reddit/canada,twitter/cdnpoli elxn43,14892,4
Reddit/canada,twitter/cdnpoli elxn43 CanadaElection2019 CanadaVotes2019,1320,1
Reddit/canada,twitter/elxn19 cdnpoli caib,3371,1
Reddit/canada,twitter/elxn43 CDNPOLI,1969,1
Reddit/canada,twitter/elxn43 cdnpoli,5334,2
Reddit/canada,twitter/elxn43 elxn2019 TrudeaulessTuesday cdnpoli,444,1
Reddit/canada,twitter/polcan polqc JustinTrudeau,3032,1
Reddit/canada,twitter/racismisracism cdnpoli elxn43,1360,1
Reddit/canadaleft,4chan/pol,2993,1
Reddit/canadaleft,Facebook/Leftist Memes for New Democrat Teens,21105,5
Reddit/canadaleft,Reddit/onguardforthee,8388,2
Reddit/canadaleft,twitter/Cdnpoli elxn43,116,1
Reddit/canadaleft,twitter/NDP2019 cdnpoli NDP NPD,2411,1
Reddit/canadaleft,twitter/WednesdayWisdom cndpoli elx43 elxn43 TrudeauMustGo Trudeau brownface,415,1
Reddit/canadaleft,twitter/cdnpoli elxn43 UpRiSingh,6006,1
Reddit/canadaleft,twitter/elxn43 cdnpoli,1352,1
Reddit/canadapolitics,Facebook/Leftist Memes for New Democrat Teens,2725,1
Reddit/canadapolitics,Reddit/canada,10948,3
Reddit/canadapolitics,twitter/FakeFeminist TrudeauMustGo cdnpoli elxn43,3814,1
Reddit/canadapolitics,twitter/FreePass Trudeau RCMP SNCLavalin elxn43 polcan cdnpoli,2166,1
Reddit/canadapolitics,twitter/bigmouth s3 cdnpoli,5870,1
Reddit/canadapolitics,twitter/cdnpoli BlackfaceTrudeau TrudeauMustResign,3032,1
Reddit/canadapolitics,twitter/cdnpoli CPCdebt,3620,1
Reddit/canadapolitics,twitter/elxn43 CPC LPC,5809,1
Reddit/canadapolitics,twitter/onpoli cdnpoli topoli Election2019 ICYMI CPC_HQ,1034,1
Reddit/canadapolitics,twitter/skpoli cdnpoli,6719,1
Reddit/canadapoliticshumour,Facebook/Leftist Memes for New Democrat Teens,1396,1
Reddit/canadapoliticshumour,Reddit/canada,1577,1
Reddit/canadapoliticshumour,Reddit/canadianpolitics,6437,1
Reddit/canadapoliticshumour,Reddit/onguardforthee,76,1
Reddit/canadapoliticshumour,twitter/Andrew AndrewScheer cdnpoli elxn43,6,1
Reddit/canadapoliticshumour,twitter/AndrewScheer cdnpoli CPC,206,1
Reddit/canadapoliticshumour,twitter/AndrewScheer elxn43,114,1
Reddit/canadapoliticshumour,twitter/AndrewScheer elxn43 cdnpoli,60,1
Reddit/canadapoliticshumour,twitter/Canelxn elxn43,6541,1
Reddit/canadapoliticshumour,twitter/Debate1 elxn43 cdnpoli,2732,1
Reddit/canadapoliticshumour,twitter/Elexn43 ElectoralReform LPC,1015,1
Reddit/canadapoliticshumour,twitter/Elexn43 LPC,7227,1
Reddit/canadapoliticshumour,twitter/Elexn43 LPC CPC StrategicVoting canlab,2283,1
Reddit/canadapoliticshumour,twitter/NeverScheer elxn43,735,1
Reddit/canadapoliticshumour,twitter/ScheerNotAsAdvertised cdnpoli elxn43,5966,1
Reddit/canadapoliticshumour,twitter/StrategicVoting DontLetThemTellYouItCantBeDone elxn43,4453,1
Reddit/canadapoliticshumour,twitter/Trudeau Obama elxn43,5541,1
Reddit/canadapoliticshumour,twitter/Trudeau TrudeauBlackface cdnpoli,194,1
Reddit/canadapoliticshumour,twitter/TrudeauBlackface cdnpoli,1523,1
Reddit/canadapoliticshumour,twitter/YANKEEdoodleAndy elxn43,7548,1
Reddit/canadapoliticshumour,twitter/brownface racism cdnpoli elxn43,4917,1
Reddit/canadapoliticshumour,twitter/cdnpoli elx43,13,1
Reddit/canadapoliticshumour,twitter/cdnpoli elx43 elxn2019 juliepayette,963,1
Reddit/canadapoliticshumour,twitter/cdnpoli elxn43,4073,3
Reddit/canadapoliticshumour,twitter/cdnpoli elxn43 canpoli onpoli FordisFailing FraudNation,3716,1
Reddit/canadapoliticshumour,twitter/cdnpoli elxn43 editorialcartoon,678,1
Reddit/canadapoliticshumour,twitter/cdnpoli elxn43 gpc ndp,6955,1
Reddit/canadapoliticshumour,twitter/cdnpoli elxn43 greenparty ClimateStrike climatechange climateemergency onpoli,3070,1
Reddit/canadapoliticshumour,twitter/elex43 cdnpoli,886,1
Reddit/canadapoliticshumour,twitter/elxn43 CDNvote2019,966,2
Reddit/canadapoliticshumour,twitter/elxn43 ChooseForwardWithTrudeau,1319,1
Reddit/canadapoliticshumour,twitter/elxn43 cdnelxn2019,940,1
Reddit/canadapoliticshumour,twitter/elxn43 cdnpoli,6156,2
Reddit/canadapoliticshumour,twitter/elxn43 elxn19,507,1
Reddit/canadapoliticshumour,twitter/jagmeetsingh ndp cndpoli Election2019,445,1
Reddit/canadapoliticshumour,twitter/liberals cdnpoli elxn43,282,1
Reddit/canadapoliticshumour,twitter/polcan climat,2128,1
Reddit/canadapoliticshumour,twitter/polcan elxn43,7369,1
Reddit/canadapoliticshumour,twitter/polqc polcan,1839,1
Reddit/canadapoliticshumour,twitter/voteNDP cdnpoli elxn43,3349,1
Reddit/canadianpolitics,twitter/cdnpoli Vote,2453,1
Reddit/canadianpolitics,twitter/elxn43 ElectionsCanada,6437,1
Reddit/metacanada,4chan/pol,76122,13
Reddit/metacanada,Facebook/Don'tDrinktheCanadianCool-Aid,7327,2
Reddit/metacanada,Facebook/Justin Trudeau Not,7192,1
Reddit/metacanada,Facebook/Justin Trudno,6491,1
Reddit/metacanada,Reddit/canada,19318,7
Reddit/metacanada,Reddit/canadapolitics,2166,1
Reddit/metacanada,twitter/BrownFaceTrudeau cdnpoli elxn43,648,1
Reddit/metacanada,twitter/CanadianElection elxn43 canadianvoice,2827,1
Reddit/metacanada,twitter/ChooseForwardWithoutLiberals cdnpoli,4044,1
Reddit/metacanada,twitter/ElectionDay elxn43,6116,1
Reddit/metacanada,twitter/Elexn43 ElectionDay canpoli,4416,1
Reddit/metacanada,twitter/GretaThunberg elxn43 polcan cdnpoli,7374,1
Reddit/metacanada,twitter/JustinTrudeau elxn43 FaithGoldy,4429,1
Reddit/metacanada,twitter/LOL elxn43,5561,1
Reddit/metacanada,twitter/NeverMax MaxWho PPC CanadaDebates2019 elx43 canpoli leadersdebate2019,3368,1
Reddit/metacanada,twitter/Toronto GTA Ontario CanadaVotes2019 elxn43 CDNvote2019 cdnpoli ONpoli Waldo,3199,1
Reddit/metacanada,twitter/Trudeau Blackface cdnpoli,4772,1
Reddit/metacanada,twitter/Trudeau JustinTrudeau BlackFace cdnpoli elxn43,7929,1
Reddit/metacanada,twitter/TrudeauBlackface TrudeauPrivilege Trudeau TrudeauMustResign TrudeauMustGo cndpoli,4208,1
Reddit/metacanada,twitter/TrudeauGrope TrudeauIsARacist cdnpoli,56,1
Reddit/metacanada,twitter/TrudeauIsARacist cdnpoli TrudeauMustGo TrudeauMustResign TrudeauDemission,2747,1
Reddit/metacanada,twitter/TrudeauMustGo ButtsMustGo notAbot cdnpoli elxn43 ParodyCabinet,2007,1
Reddit/metacanada,twitter/TrudeauMustGo FAIL piefucker canpoli,4410,1
Reddit/metacanada,twitter/TrudeauMustGo TrudeauMustGo canpoli onpoli,3945,1
Reddit/metacanada,twitter/YorkU UofT Ryerson cdnpoli onpoli TOpoli ottnews MAGA KAG,4052,1
Reddit/metacanada,twitter/blackface BrownFaceTrudeau cdnpoli elxn43,8335,1
Reddit/metacanada,twitter/brownface cdnpoli JustinTrudeau,7595,1
Reddit/metacanada,twitter/canpoli trudeaumustgo,4549,1
Reddit/metacanada,twitter/cdnpoli BlackfaceTrudeau,3894,1
Reddit/metacanada,twitter/cdnpoli Captaincrayon,7850,1
Reddit/metacanada,twitter/cdnpoli ClimateStrike,7174,1
Reddit/metacanada,twitter/cdnpoli NDP,1754,1
Reddit/metacanada,twitter/cdnpoli elx43,267,1
Reddit/metacanada,twitter/cdnpoli elxn43,13208,4
Reddit/metacanada,twitter/cdnpoli elxn43 BreakingNews,23,1
Reddit/metacanada,twitter/cdnpoli elxn43 TrudeauMustGo Elecciones2019 abpoli LiberalsMustGo,3278,1
Reddit/metacanada,twitter/cdnpoli nofreelunch,5397,1
Reddit/metacanada,twitter/elxn43 LPC,8329,1
Reddit/metacanada,twitter/elxn43 TrudeauBlackface,8164,1
Reddit/metacanada,twitter/elxn43 TrudeauMustGo,8411,1
Reddit/metacanada,twitter/elxn43 cdnpoli,8441,2
Reddit/metacanada,twitter/elxn43 cdnpoli TrudeauMustGo ChooseForward,5538,1
Reddit/metacanada,twitter/elxn43 elxn2019,7920,1
Reddit/metacanada,twitter/inappropriate TrudeauMustGo FakeFeminist Hypocrite EntitledPunk Notaleader Narcissist elxn43,3238,1
Reddit/metacanada,twitter/leadersdebate2019 elxn43,1217,1
Reddit/metacanada,twitter/minoritygovernment elxn43,580,1
Reddit/metacanada,twitter/onpoli cdnpoli SunniWays,7342,1
Reddit/metacanada,twitter/polqc polcan,8256,1
Reddit/metacanada,twitter/tosunfront Trudeaublackface cdnpoli elxn43,469,1
Reddit/metacanada,twitter/yeg cdnpoli elxn43,7220,1
Reddit/ndp,Facebook/Leftist Memes for New Democrat Teens,8137,2
Reddit/ndp,Reddit/canadaleft,2993,1
Reddit/ndp,twitter/Cdnpoli elxn43,1837,1
Reddit/ndp,twitter/cdnpoli canadavotes2019 ElectionDay NFL,1582,1
Reddit/ndp,twitter/elxn43 NDP,737,1
Reddit/ndp,twitter/leadersdebate2019 NDP,5138,1
Reddit/ndp,twitter/ndp cdnpoli elxn43,828,1
Reddit/onguardforthee,4chan/pol,2863,1
Reddit/onguardforthee,Facebook/Leftist Memes for New Democrat Teens,7168,1
Reddit/onguardforthee,Reddit/canada,5041,2
Reddit/onguardforthee,Reddit/canadapolitics,2725,1
Reddit/onguardforthee,Reddit/canadapoliticshumour,4745,2
Reddit/onguardforthee,Reddit/ndp,3360,1
Reddit/onguardforthee,twitter/Canada cdnpoli CanadaVotes,7148,1
Reddit/onguardforthee,twitter/KanataCarleton elxn43,1152,1
Reddit/onguardforthee,twitter/NeverScheer FordIsFailing DougFraud NeverTrustAConservative cdnpoli onpoli elxn43,3419,1
Reddit/onguardforthee,twitter/ScheerAmerican YankeeDoodleAndy ScheersAmericanOperatives NoPlatformNoVote cdnpoli elxn43,76,1
Reddit/onguardforthee,twitter/TrudeauMustGo JagmeetSinghMustGo MayIsCrazy Scheer4PM cdnpoli elxn43,3392,1
Reddit/onguardforthee,twitter/YellowVests yellowvestscantwrite cnd2019 cndpoli,8385,1
Reddit/onguardforthee,twitter/abpoli ableg cdnpoli,2338,1
Reddit/onguardforthee,twitter/cdnpoli CanadaDebates2019,4924,1
Reddit/onguardforthee,twitter/cdnpoli Election2019,1299,1
Reddit/onguardforthee,twitter/cdnpoli JustinTrudeau ElizabethMay JagmeetSingh,8440,1
Reddit/onguardforthee,twitter/cdnpoli NotAsAdvertised,5580,1
Reddit/onguardforthee,twitter/cdnpoli PPC2019,5447,1
Reddit/onguardforthee,twitter/cdnpoli TrudeauMustGo Trudeau Liberal Conservatives Canada Canadian Liberals onpoli,8508,1
Reddit/onguardforthee,twitter/cdnpoli cdnmedia,562,1
Reddit/onguardforthee,twitter/cdnpoli elx43 ElectionsCanada,944,1
Reddit/onguardforthee,twitter/cdnpoli elxn43 CanadaDebates2019,4924,1
Reddit/onguardforthee,twitter/cdnpoli elxn43 yeg Vancouver Victoria Montreal Halifax Edmonton Winnipeg,918,1
Reddit/onguardforthee,twitter/elxn43 cdnpoli,630,1
Reddit/onguardforthee,twitter/elxn43 partivert greenwave,7550,1
Reddit/onguardforthee,twitter/elxn43 polcan cdnpoli,3166,1
twitter/AmericanAndy cdnpoli,4chan/pol,3490,1
twitter/Andrew AndrewScheer cdnpoli elxn43,twitter/ScheeringTheResume ScheerNotAsAdvertised scheerhomophobia elxn43 cdnpoli,6,1
twitter/AndrewScheer CPC Elexn43 ScheerHypocrisy leadersdebate2019,Reddit/canadapoliticshumour,76,1
twitter/AndrewScheer ScheerAmerican VoteNoCPC cdnpoli elxn43,twitter/cdnpoli ScheerAmerican,1034,1
twitter/AndrewScheer canpoli CanadaVotes,twitter/ChooseForward TrudeauMustStay cdnpoli,735,1
twitter/AndrewScheer cdnpoli,4chan/pol,4680,1
twitter/AndrewScheer cdnpoli,twitter/AndrewScheer canpoli CanadaVotes,735,1
twitter/AndrewScheer cdnpoli,twitter/ScheeringTheResume ScheerNotAsAdvertised cdnpoli CPC,114,1
twitter/AndrewScheer cdnpoli CPC,twitter/StopScheer cdnpoli elxn43,206,1
twitter/AndrewScheer cdnpoli elxn43,twitter/elxn43 cdnpoli ScheerDesperation,206,1
twitter/AndrewScheer elx43 cdnpoli,Reddit/canadapoliticshumour,60,1
twitter/AndrewScheer elxn43,twitter/ScheerLies cdnpoli,114,1
twitter/AndrewScheer elxn43 cdnpoli,twitter/elxn43 cdnpoli,60,1
twitter/AndysResume ScheeringTheResume elxn43 cdnpoli polcan,4chan/pol,1126,1
twitter/BlackFace BrownFace elxn43 CDNpoli,twitter/onpoli cdnpoli,1523,1
twitter/Blackface Trudeaumustgo canpoli,twitter/cdnpoli TrudeauMustGo TrudeauMustGo TrudeauWorstPM TrudeauCorruption TrudeauCorruption,4226,1
twitter/BlackfaceTrudeau elxn43,twitter/TrudeauMustGo cdnpoli,2099,1
twitter/BrownFaceTrudeau Elexn43 cdnpoli,twitter/cdnpoli Election2019,1523,1
twitter/BrownFaceTrudeau cdnpoli elxn43,twitter/blackface BrownFaceTrudeau polcan Election2019 Elections2019,648,1
twitter/Brownface BrownFaceTrudeau elxn43,Reddit/canadapoliticshumour,4917,1
twitter/CDNPoli Elxn43 CPC ScheerIncompetence ScheerStupidity ScheerNonsense WeakAndy AltRightAndy,twitter/cdnpoli CPC,4174,1
twitter/CDNvote2019 Cdnpoli,twitter/NewEmoji cdnpoli,1523,1
twitter/CDNvote2019 cdnpoli blackface,4chan/pol,4782,1
twitter/CDNvote2019 cdnpoli cdnmedia,twitter/PLC PVC polcan polqc fed2019,3070,1
twitter/CPC Trump Satire,4chan/pol,6578,1
twitter/CPCMajority cdnpoli,twitter/cdnpoli Trudeaumustgo canadaisbroken elxn43,5397,1
twitter/CTV elxn43 trust,Facebook/Don'tDrinktheCanadianCool-Aid,6153,1
twitter/Canada Cdnpoli Election2019 October21,twitter/elxn43 polcan cdnpoli,4089,1
twitter/Canada Liberal Traitor Trudeau LPC official,Reddit/metacanada,1730,1
twitter/Canada TrudeauCorruption TrudeauBlackface cdnpoli,twitter/LPC cdnpoli elxn43,301,1
twitter/Canada cdnpoli CanadaVotes,twitter/elxn43 cdnpoli ScheerHypocrisy ScheerHomophobia scheerweakness,7148,1
twitter/Canada poll CPC LPC NDP GPC BQ,Reddit/metacanada,3927,1
twitter/CanadaDebates2019 cdnpoli elxn43,4chan/pol,5739,1
twitter/CanadaElection2019 elxn43,twitter/ScheerHypocrisy cdnpoli elxn43 VOTE,934,1
twitter/CanadaElection2019 elxn43,twitter/elxn43 cdnpoli,938,1
twitter/CanadaFirst cdnpoli,4chan/pol,984,1
twitter/CanadianElection elxn43 canadianvoice,twitter/Elexn43 cdnpoli,2827,1
twitter/Canadians elxn43,twitter/elxn2019 cdnpoli TrudeauMustGo TrudeauBlackface,444,1
twitter/Cdnpoli Elexn43,4chan/pol,8099,1
twitter/Cdnpoli TrudeauBlackface elxn43 22minutes CBC TrudeauMustGo,4chan/pol,648,1
twitter/Cdnpoli elxn43,twitter/Canada lpc Trudeau cdnpoli,2372,1
twitter/Cdnpoli elxn43 TrudeauBlackface,twitter/cdnpoli elxn43 BrownFaceTrudeau,3032,1
twitter/ChooseBlackward cdnpoli TrudeauTheHypocrite elxn43 TrudeauMustGo,twitter/Trudeau Obama Cdnpoli,444,1
twitter/ChooseForward TrudeauMustStay cdnpoli,Reddit/canadapoliticshumour,735,1
twitter/ChooseForwardWithTrudeau ScheerCuts BeachcombersBeWare Cdnpoli,twitter/cdnpoli onpoli topoli,1864,1
twitter/ChooseForwardWithoutLiberals cdnpoli,twitter/elxn43 cdnpoli Vancouver yvr,4044,1
twitter/ClimateChange oil coal pollution cleanenergy cdnpoli GretaThurnberg GretaInAlberta,Reddit/canadapoliticshumour,2098,1
twitter/ClimateEmergency cdnpoli schoolstrike4climate GlobalClimateStrikes StopTMX TransMountain bcpoli CleanEnergy,4chan/pol,3035,1
twitter/ClimateStrike cdnpoli youboughtapipeline Trudont,Reddit/canadaleft,5271,1
twitter/ClimateStrikeCanada cdnpoli,twitter/cdnpoli elxn43,1217,1
twitter/ConservativesHurtKids cdnpoli elxn43,twitter/FAKE elxn43,1442,1
twitter/Diversityisourstrength cdnpoli CDNvote2019,twitter/elxn43 cdnpoli,1243,1
twitter/DougFord cdnpoli,Reddit/canadapoliticshumour,819,1
twitter/DougFord elxn43,twitter/LilDougie elxn43 cdnpoli,507,1
twitter/DougFord onpoli cdnpoli,Reddit/canadapoliticshumour,1182,1
twitter/DougFraud CPC,twitter/elxn43 cdnpoli ChooseForwardWithTrudeau,996,1
twitter/Election2019 DebateNight macleans canpoli,twitter/JagmeetSingh NDP JustinTrudeau TrudeauMustGo AndrewScheer,886,1
twitter/ElectionDay ChooseForward cdnpoli canadavotes2019,twitter/AbLeg abpoli onpoli skpoli cdnpoli,5580,1
twitter/Elections2019 polqc polcan BlocQc,Facebook/Qu√©bec FIER,4022,1
twitter/ElectionsCanada elxn43,twitter/cdnpoli ItsOurVote elxn43,934,1
twitter/ElectionsCanada elxn43,twitter/cdnpoli elxn43 vote,5491,1
twitter/Elexn43 ElectionDay canpoli,twitter/elxn43 BlackfaceTrudeau,4416,1
twitter/Elexn43 LPC CPC StrategicVoting canlab,twitter/elxn43 CDNvote2019 cndpoli cdnpoli,2283,1
twitter/Elexn43 cdnpoli,Facebook/NL Strong,8095,1
twitter/Elxn43 cdnpoli,twitter/ElectionDay elxn43 CanadianElection,1320,1
twitter/Embarrassing TrudeauBlackface TrudeauMustGo cdnelxn2019 elxn43 CanadaVotes,twitter/TrudeauMustGo TrudeauWorstPM CanadaElection2019 elxn43,4413,1
twitter/ExtinctionRebellion Climate Hypocrisy Edmonton cndpoli,4chan/pol,4812,1
twitter/FAKE elxn43,twitter/ScheerNotAsAdvertised ScheerDisaster cdnpoli elxn43 ChooseForward,1442,1
twitter/FakeFeminist TrudeauMustGo cdnpoli elxn43,twitter/MeToo FreePass Trudeau elxn43 polcan,3814,1
twitter/FraudThePeople ScheerCuts ScheerLies FiftyThreeBillionInServiceCuts Cdnpoli ONpoli,twitter/DougFord Onpoli AndrewScheer cdnpoli,2341,1
twitter/FreePass Trudeau RCMP SNCLavalin elxn43 polcan cdnpoli,twitter/cdnpoli ElectionsCanada,2166,1
twitter/GretaThunberg elxn43 polcan,Reddit/metacanada,201,1
twitter/GretaThunberg ygreck elxn43 polcan,4chan/pol,3276,1
twitter/HamOnt elxn43,4chan/pol,5475,1
twitter/HamishMarshall elxn43 cdnpoli,4chan/pol,2115,1
twitter/Harper MeToo elxn43 polcan,twitter/elxn43 cdnpoli,3814,1
twitter/Harper TIME elxn43 polcan cdnpoli,twitter/cdnpoli TrudeauMustGo BrownFaceTrudeau TrudeauBlackface,648,1
twitter/Harper TrudeauBlackface elxn43 polcan,twitter/Harper TIME elxn43 polcan cdnpoli,648,1
twitter/HarryPotter elxn43 canadavotes2019,4chan/pol,719,1
twitter/HighTreason TrudeauMustGoToJail LiberalismIsAMentalDisorder FireRCMPcommr cdnpoli AbolishTheUN,4chan/pol,8054,1
twitter/ICYMI cdnpoli elxn43 Debatenight,Facebook/Don'tDrinktheCanadianCool-Aid,2258,1
twitter/InItForYou NewDealForPeople NDP JagmeetSingh firstdebate elxn19,Reddit/canadaleft,2411,1
twitter/ItsOurVote cdnpoli elxn43,twitter/elxn43 cdnpoli,2730,1
twitter/JagmeetSingh NDP JustinTrudeau TrudeauMustGo AndrewScheer,twitter/elxn43 macleansdebate,886,1
twitter/JagmeetSingh NDP extinction,twitter/elxn43 canpoli,292,1
twitter/JustinTrudeau Brownface elxn43,twitter/cdnpoli TrudeauMustGo TrudeauBlackface,428,1
twitter/JustinTrudeau TrudeauMustGo LPC cdnpoli,twitter/elxn43 TrudeauMustResign BlackfaceTrudeau,3814,1
twitter/JustinTrudeau brownface cdnpoli,twitter/cdnpoli TrudeauWorstPM canada maga,56,1
twitter/JustinTrudeau cdnfp cdnpoli elxn43,twitter/Trudeau polcan,56,1
twitter/JustinTrudeau cdnpoli,twitter/elxn43 cdnpoli,19,1
twitter/JustinTrudeau polcan,twitter/Harper MeToo elxn43 polcan,3814,1
twitter/JustinTrudeaubrownface cdnpoli PPC2019 elx43,Reddit/metacanada,105,1
twitter/KanataCarleton elxn43,twitter/elxn43 ChooseForwardWithTrudeau,1152,1
twitter/KokaneeGroper cdnpoli elxn43,twitter/JustinTrudeau TrudeauMustGo LPC cdnpoli,3814,1
twitter/LPC firstdebate,4chan/pol,3397,1
twitter/Lavscam Trudeaumustgo canpoli,twitter/cdnpoli elxn43,2166,1
twitter/LeadersDebate elxn43,4chan/pol,3905,1
twitter/Liars cdnpoli elxn43 DeceitfulAndy DeceptiveAndy DishonestAndy,twitter/elxn43 ChooseForward,3199,1
twitter/LiberalHypocrisy TrudeauMustGo CanadaDeservesBetter cdnpoli elxn43,twitter/cdnpoli elxn43 TrudeauMustGo,7367,1
twitter/LiberalismIsAMentalDisorder cdnpoli,twitter/thief cdnpoli,4565,1
twitter/LilDougie elxn43 cdnpoli,Reddit/canadapoliticshumour,507,1
twitter/MakeMrBernierMyPM PeoplesPartyofCanada ChooseMaxime PPC2019 cdnpoli elxn43,twitter/MakeMrBernierMyPM PeoplesPartyofCanada elxn43,3184,1
twitter/MaximeBernier cdnpoli,Reddit/canadapoliticshumour,153,1
twitter/MeToo FreePass Trudeau elxn43 polcan,twitter/KokaneeGroper cdnpoli elxn43,3814,1
twitter/MissedThePoint OverHisHead ScheerWasSoPoor ScheerWasSoPoorThat cdnpoli elxn43 canpoli ChooseForward,4chan/pol,8008,1
twitter/MondayMotivation elxn43 blackface,4chan/pol,19,1
twitter/NDP cdnpoli elxn43,Reddit/onguardforthee,8127,1
twitter/NDP2019 cdnpoli NDP NPD,twitter/elxn43 IndigPoli,2411,1
twitter/NeverJagmeet NoNDP elxn43 freeshit,Reddit/metacanada,2059,1
twitter/NeverMax MaxWho PPC CanadaDebates2019 elx43 canpoli leadersdebate2019,twitter/MaxWho NeverMax No2PPC elxn43,3368,1
twitter/NeverScheer FordIsFailing DougFraud NeverTrustAConservative cdnpoli onpoli elxn43,twitter/vigilantejustice dougford ontario yass cdnpoli,3419,1
twitter/NewEmoji cdnpoli,twitter/Trudeau elxn43,1523,1
twitter/NotAsAdvertised ScheeringTheResume cdnpoli,twitter/ScheerLies ScheerHatred cdnpoli elxn43,2115,1
twitter/ONpoli elxn43 cdnpoli,4chan/pol,77,1
twitter/Ontario Quebec Canada cndpoli,twitter/equalization elxn43 TrudeauMustGo wexit,3545,1
twitter/PLC PolQc PolCan elxn43,4chan/pol,8486,1
twitter/POLS3200 cdnpoli,4chan/pol,3618,1
twitter/PPC canpoli,4chan/pol,7256,1
twitter/PPC polcan elxn43 cdnpoli,4chan/pol,4198,1
twitter/PPC2019 cdnpoli,Reddit/canadaleft,4752,1
twitter/ParodyCabinet cdnpoli,Facebook/Team Scheer,6818,1
twitter/PeoplesParty PPC2019 elxn43,twitter/MakeMrBernierMyPM PeoplesPartyofCanada ChooseMaxime PPC2019 cdnpoli elxn43,3184,1
twitter/PolQc PolCan PPC elxn43,Facebook/Qu√©bec FIER,7919,1
twitter/RickAstley Canada cdnpoli cdnelxn2019 Elexn43,twitter/RickAstley Canada cdnpoli cdnelxn2019 Elxn43,2453,1
twitter/RuhRo Scheer Harper Trudeau CPC canpoli onpoli,Reddit/onguardforthee,367,1
twitter/RuinHalloweenIn4Words cdnpoli elxn43,Reddit/metacanada,1360,1
twitter/SaturdayMotivation cndpoli elxn43 Election2019,twitter/cdnpoli elxn43,2372,1
twitter/Scheer4PM CPCMajority CPC elx43,4chan/pol,5503,1
twitter/Scheer4PM LiberalsMustGo CDNvote2019 elxn43,Reddit/onguardforthee,4798,1
twitter/Scheer4PM cdnelxn2019 cdnpoli,Reddit/metacanada,5397,1
twitter/ScheerAmerican YankeeDoodleAndy ScheersAmericanOperatives NoPlatformNoVote cdnpoli elxn43,twitter/StopScheer cdnpoli elxn43,76,1
twitter/ScheerDesperation cdnpoli,4chan/pol,7471,1
twitter/ScheerDisaster ChooseForward elxn43,4chan/pol,6170,1
twitter/ScheerDisaster cdnpoli elxn43,4chan/pol,6354,1
twitter/ScheerDisaster cdnpoli elxn43 ThanksgivingWeekend thanksgiving2019,twitter/thanksgiving2019 cdnpoli cdnelxn2019 elxn43 vote ScheerDisaster,5573,1
twitter/ScheerDisaster elxn43 cdnpoli,twitter/stcath ourhomestc cdnpoli elxn43 StCatharines Niagara NoConBullshit,1900,1
twitter/ScheerHypocrisy LearnFromOntariosMistake DoNotVoteCon elxn43 cdnpoli,4chan/pol,1442,1
twitter/ScheerHypocrisy cdnpoli elxn43 VOTE,twitter/ElectionsCanada elxn43,934,1
twitter/ScheerLies ScheerHatred cdnpoli elxn43,twitter/HamishMarshall elxn43 cdnpoli,2115,1
twitter/ScheerLies cdnpoli,twitter/AndrewScheer cdnpoli,114,1
twitter/ScheerLies elxn43 cdnpoli,twitter/cdnpoli Elexn43,3371,1
twitter/ScheerNotAsAdvertised ScheerDisaster cdnpoli elxn43 ChooseForward,twitter/StopScheer CalledTheConsForAReason elxn43,1442,1
twitter/ScheerNotAsAdvertised ScheeringTheResume ScheerLies cdnpoli,twitter/neverconservative cdnpoli,3371,1
twitter/ScheerNotAsAdvertised elxn43 cdnpoli,twitter/StopScheer elxn43,76,1
twitter/ScheerStupidity NeverScheer cdnpoli CanadaDeservesBetter,twitter/cdnpoli elxn43,1442,1
twitter/ScheerWasSoPoorThat Satire CluckCluck cdnpoli elxn43,4chan/pol,5362,1
twitter/ScheeringTheResume AndysResume cdnpoli elxn43,4chan/pol,5409,1
twitter/ScheeringTheResume ScheerNotAsAdvertised cdnpoli CPC,twitter/canpoli cdnpoli StandonGuard,114,1
twitter/ScheeringTheResume ScheerNotAsAdvertised scheerhomophobia elxn43 cdnpoli,twitter/cdnpoli Scheer climatestrike prideparade,6,1
twitter/ScheerlessTuesday cdnpoli,twitter/elxn43 cdnpoli canada ScheerLoser,3716,1
twitter/ScheerlessTuesday cdnpoli elxn43,4chan/pol,1425,1
twitter/Sinterklaas TrudeauMustGo cdnpoli,twitter/MondayMotivation elxn43 blackface,19,1
twitter/StopScheer AmericAndy YankeeDoodleAndy elxn43,twitter/WhyScheerLost cdnpoli,76,1
twitter/StopScheer NeverScheer cdnpoli,twitter/ScheerStupidity NeverScheer cdnpoli CanadaDeservesBetter,1442,1
twitter/StopScheer cdnpoli elxn43,twitter/cdnpoli canpoli StandonGuard,76,1
twitter/StopScheer elxn43,twitter/StopScheer AmericAndy YankeeDoodleAndy elxn43,76,1
twitter/SunnyWays2019Rendition BecauseIts2019 elxn43 AllLiberalsMustGo,4chan/pol,3945,1
twitter/TeamTrudeau LPC,Facebook/LeftistMemesforNewDemocratTeens,1034,1
twitter/Toronto GTA Ontario CanadaVotes2019 elxn43 CDNvote2019 cdnpoli ONpoli Waldo,twitter/cdnpoli elxn43 itsourvote NeverScheer ChooseForward LPC ScheerDisaster,3199,1
twitter/TriggerChange cdnpoli elxn43 CPC19 CPC cpc2019 TrudeauMustGo,4chan/pol,2730,1
twitter/TrudeaMustGo cdnpoli,4chan/pol,6008,1
twitter/Trudeau Blackface cdnpoli,twitter/Trudeau BlackfaceTrudeau elxn43 polcan cdnpoli,4772,1
twitter/Trudeau Blackface cdnpoli elxn43,4chan/pol,2102,1
twitter/Trudeau BlackfaceTrudeau elxn43 polcan cdnpoli,twitter/Trump BlackFace elxn43,4772,1
twitter/Trudeau Obama Cdnpoli,twitter/Trudeau TrudeauBlackface cdnpoli elxn2019,444,1
twitter/Trudeau Obama elxn43,twitter/polcan elxn43,5541,1
twitter/Trudeau TrudeauBlackface cdnpoli elxn2019,twitter/Trudeau cdnpoli elxn43,444,1
twitter/Trudeau brownface cdnpoli CanadaVotes,4chan/pol,2271,1
twitter/Trudeau cdnpoli elxn43,twitter/TrudeauBlackface elxn43 cdnpoli,444,1
twitter/Trudeau elxn43,twitter/BrownFaceTrudeau Elexn43 cdnpoli,1523,1
twitter/Trudeau elxn43 elxn2019,Reddit/metacanada,7220,1
twitter/Trudeau elxn43 polcan,Facebook/Qu√©bec FIER,4089,1
twitter/Trudeau polcan,twitter/cdnpoli Elexn43,56,1
twitter/TrudeauBlackface cdnpoli,twitter/cdnpoli elxn43 TrudeauMustGo,1523,1
twitter/TrudeauBlackface cdnpoli elx43 elxn2019,Reddit/canada,6621,1
twitter/TrudeauBlackface elxn43 cdnpoli,twitter/Canadians elxn43,444,1
twitter/TrudeauCorruption cndpoli ottawa,4chan/pol,6467,1
twitter/TrudeauGrope TrudeauIsARacist cdnpoli,twitter/elxn43 cdnpoli,56,1
twitter/TrudeauMustGo CanadaDeservesBetter cdnpoli elxn43,Facebook/Canada Proud,2703,1
twitter/TrudeauMustGo FAIL piefucker canpoli,twitter/TrudeauMustGo LiberalsMustGo cdnpoli elxn43,4410,1
twitter/TrudeauMustGo JagmeetSinghMustGo MayIsCrazy Scheer4PM cdnpoli elxn43,twitter/CrookedCoalition elxn43 TrudeaulessTuesday,3392,1
twitter/TrudeauMustGo LiberalsMustGo cdnpoli elxn43,Facebook/Justin Trudno,4410,1
twitter/TrudeauMustGo SaveCanada cdnpoli elxn43,twitter/elxn43 trudeaumustgo BrownFaceTrudeau blackface,900,1
twitter/TrudeauMustGo SaveCanada elxn43,twitter/Thanksgiving elxn43 cdnpoli,1823,1
twitter/TrudeauMustGo StopTheCoalition elxn43,twitter/elxn43 cdnpoli onpoli abpoli,257,1
twitter/TrudeauMustGo TrudeauBlackface cdnpoli canada news,twitter/cdnpoli TrudeauBlackface,444,1
twitter/TrudeauMustGo TrudeauBlackface cdnpoli elxn43,4chan/pol,6616,1
twitter/TrudeauMustGo TrudeauBlackface elxn43 cdnpoli,twitter/cdnpoli elxn43,4772,1
twitter/TrudeauMustGo TrudeauCorruption cdnpoli elxn43,twitter/TrudeauMustGo twatwaffle cdnpoli elxn43,1000,1
twitter/TrudeauMustGo TrudeauMustGo canpoli onpoli,twitter/SunnyWays2019Rendition BecauseIts2019 elxn43 AllLiberalsMustGo,3945,1
twitter/TrudeauMustGo canpoli,Facebook/Don'tDrinktheCanadianCool-Aid,6255,1
twitter/TrudeauMustGo cdnpoli,Reddit/canadapolitics,2099,1
twitter/TrudeauMustGo cdnpoli,twitter/cdnpoli Trudeau,1523,1
twitter/TrudeauMustGo cdnpoli elxn43,Reddit/canadapolitics,3814,1
twitter/TrudeauMustGo cdnpoli elxn43,Reddit/metacanada,4416,1
twitter/TrudeauMustGo cdnpoli elxn43,twitter/elxn43 TrudeauMustGo,1447,1
twitter/TrudeauMustGo elxn43,twitter/RuinHalloweenIn4Words cdnpoli elxn43,1360,1
twitter/TrudeauMustGo entitledpunk Inapropriate Notaleader disgrace elxn43 cdnpoli,Reddit/metacanada,3238,1
twitter/TrudeauMustGo twatwaffle cdnpoli elxn43,Facebook/Justin Trudeau Not,1000,1
twitter/TrudeauMustGo twatwaffle cdnpoli elxn43,twitter/TrudeauMustGo TrudeauBlackface cdnpoli elxn43,6616,1
twitter/TrudeauMustResign LiberalHypocrisy cndpoli,4chan/pol,5234,1
twitter/TrudeauMustResign TrudeauMustGo TrudeauBlackface cdnpoli,4chan/pol,5431,1
twitter/TrudeauTheHyprocrite elxn43 cdnpoli,twitter/TrudeauTheHyprocrite cdnpoli elxn43,359,1
twitter/TrudeaulessTuesday elxn43 CDNvote2019,twitter/TrudeaulessTuesday elxn43 cdnpoli ChooseForward TrudeauMustGo CanadaDeservesBetter,5538,1
twitter/TrudeaulessTuesday elxn43 cdnpoli,twitter/elxn2019 cdnpoli CanadaElection2019,5538,1
twitter/TrudeaulessTuesday elxn43 cdnpoli ChooseForward TrudeauMustGo CanadaDeservesBetter,twitter/TrudeaulessTuesday elxn43 cdnpoli,5538,1
twitter/Trump BlackFace elxn43,Reddit/canada,4772,1
twitter/TwoPlaneTrudeau hypocrite cdnpoli elxn43,4chan/pol,805,1
twitter/TwoPlanesTrudeau JustinTwoPlanes TrudeauMustGo TrudeauTheHypocrite canpoli elxn43 polcan,twitter/cdnpoli TrudeauMustGo TrudeauMustGo TrudeauWorstPM TrudeauCorruption TrudeauCorruption,282,1
twitter/UN ONU ygreck elxn43,4chan/pol,7059,1
twitter/VoteOrange VoteNDP JagmeetSingh cdnpoli elxn43,Reddit/canadaleft,6251,1
twitter/WEXITALBERTA wexit canpoli elxn43,4chan/pol,385,1
twitter/WeakAndy cdnpoli elxn43,Facebook/Leftist Memes for New Democrat Teens,1577,1
twitter/WednesdayWisdom cndpoli TrudeauMustGo elxn43 elx43 Trudeau brownface blackface,twitter/elxn cdnpoli,415,1
twitter/WednesdayWisdom cndpoli elx43 elxn43 TrudeauMustGo Trudeau brownface,twitter/wednesdaythoughts StopTheBias TrudeauMustGo elxn43 elx43 brownface,415,1
twitter/WheresSophie elxn43 TrudeauMustGo,twitter/canpoli TrudeauMustGo,7254,1
twitter/WhyIVotedPeoplesParty elxn43 polcan canpoli PeoplesPartyofCanada,Reddit/metacanada,6710,1
twitter/WhyScheerLost cdnpoli,twitter/YANKEEdoodleAndy elxn43,76,1
twitter/YQR skpoli cdnpoli,twitter/yeg ableg cdnpoli,5491,1
twitter/YankeeDoodleAndy cdnpoli elxn43,twitter/canpoli cdnpoli StandonGuard,1034,1
twitter/ableg abpoli cdnpoli elxn43,4chan/pol,824,1
twitter/abpoli cdnpoli Alberta,Reddit/canadapoliticshumour,774,1
twitter/anybodybutscheer elx43 LiberalParty cdnpoli,twitter/ElectionsCanada elxn43 cdnpoli Scheer,1034,1
twitter/blackface BlackfaceTrudeau BrownFaceTrudeau brownface TrudeauMustGo Trudeau elxn43,twitter/cdnpoli BrownFaceTrudeau TrudeauMustGo,1417,1
twitter/blackface BrownFaceTrudeau polcan Election2019 Elections2019,twitter/Harper TrudeauBlackface elxn43 polcan,648,1
twitter/blackface brownface cdnpoli elxn43,4chan/pol,23,1
twitter/blackface cdnpoli,4chan/pol,7645,1
twitter/blackface cdnpoli,twitter/blackface brownface cdnpoli elxn43,23,1
twitter/blackface cdnpoli elxn43 TrudeauBlackface TrudeauMustGo,twitter/cdnpoli onpoli abpoli elxn43 MakeCanadaGreatAgain TrudeauMustGo TrudeauWorstPM Brownface,5566,1
twitter/blackface cdnpoli elxn43 elxn2019 onpoli TOpoli ChooseForward,twitter/cdnpoli elxn43 elxn2019 onpoli TOpoli ChooseForward JustinTrudeau brownface Trudeau,277,1
twitter/blackface elxn43,twitter/polqc polcan cdnpoli GretaThunberg,3208,1
twitter/byeLiberals elxn43,4chan/pol,4317,1
twitter/canadadebates2019 elxn43,twitter/cdnpoli elxn43 KinsellaGate,1217,1
twitter/canadavotes cdnpoli vote,twitter/cdnpoli CDNvote2019 cdnelxn2019 CanadaElection2019 canadavotes2019,2926,1
twitter/canadavotes2019 elxn43 CanadaElection2019 ItsOurVote,Reddit/canada,1320,1
twitter/canpoli ClimateAction elxn43,Reddit/canadapoliticshumour,3503,1
twitter/canpoli Elexn43 Debatenight CanadaVotes TrudeauMustGo CanadaDeservesBetter,twitter/elxn43 canadavotes2019 cdnpoli TrudeauMustGo elxn2019,1220,1
twitter/canpoli TrudeauMustGo,4chan/pol,4653,1
twitter/canpoli TrudeauMustGo,Facebook/Justin Trudeau Not,4098,1
twitter/canpoli TrudeauMustGo SNCLavalin,4chan/pol,5072,1
twitter/canpoli TrudeauMustResign,4chan/pol,7493,1
twitter/canpoli TrudeauMustgo,Reddit/metacanada,4820,1
twitter/canpoli blackface BrownFaceTrudeau RacistTrudeau LiberalParty,twitter/cdnpoli TrudeauBlackface,1417,1
twitter/canpoli cdnpoli StandonGuard,Reddit/canadapolitics,1034,1
twitter/canpoli cdnpoli StandonGuard,twitter/cdnpoli canpoli elxn43 ChooseForward,114,1
twitter/canpoli election2019 CanadaVotes canadavotes2019 ElectionsCanada Thanksgiving canada vote,twitter/ScheerDisaster cdnpoli elxn43 ThanksgivingWeekend thanksgiving2019,5573,1
twitter/canpoli justintrudeau topoli,twitter/cdnpoli elxn2019 Elexn43,56,1
twitter/cdnpoli ABpoli,4chan/pol,6718,1
twitter/cdnpoli BlackfaceTrudeau TrudeauMustResign,4chan/pol,3032,1
twitter/cdnpoli BrownFaceTrudeau TrudeauMustGo,twitter/cdnpoli TrudeauBlackface TrudeauMustGo,1417,1
twitter/cdnpoli CDNvote2019,twitter/Cdnpoli elxn43,2372,1
twitter/cdnpoli CDNvote2019,twitter/elx43 canpoli abpoli,918,1
twitter/cdnpoli CPC,4chan/pol,4174,1
twitter/cdnpoli CanadaDebates2019,Reddit/onguardforthee,4924,1
twitter/cdnpoli CanadaDebates2019 elxn2019 elx43,twitter/ChooseForwardWithTrudeau ScheerCuts BeachcombersBeWare Cdnpoli,1864,1
twitter/cdnpoli ClimateStrike,twitter/cdnpoli elxn43,7174,1
twitter/cdnpoli Election2019,Reddit/canada,1523,1
twitter/cdnpoli Election2019,Reddit/canadapoliticshumour,678,1
twitter/cdnpoli Election2019,twitter/Canada elxn43,1299,1
twitter/cdnpoli Election2019,twitter/cdnpoli elxn43,5129,1
twitter/cdnpoli ElectionsCanada,twitter/Lavscam Trudeaumustgo canpoli,2166,1
twitter/cdnpoli Elexn43,twitter/ScheerNotAsAdvertised ScheeringTheResume ScheerLies cdnpoli,3371,1
twitter/cdnpoli Elexn43,twitter/cdnpoli elxn43,13,1
twitter/cdnpoli Elexn43,twitter/elxn43 cdnpoli ImWithJagmeet,1950,1
twitter/cdnpoli Elexn43,twitter/racist groper cdnpoli,56,1
twitter/cdnpoli Elexn43 ElectionsCanada DecisonCanada,twitter/firstdebate cdnpoli elxn19,1935,1
twitter/cdnpoli Elexn43 Toronto,Reddit/metacanada,1902,1
twitter/cdnpoli Elexn43 cdnmedia,Reddit/metacanada,1867,1
twitter/cdnpoli JustinTrudeau,twitter/CDNvote2019 Cdnpoli,1523,1
twitter/cdnpoli JustinTrudeaubrownface,4chan/pol,7892,1
twitter/cdnpoli LavScam elxn43,twitter/TrudeauMustGo CanadaDeservesBetter cdnpoli elxn43,2703,1
twitter/cdnpoli NDP,Facebook/Leftist Memes for New Democrat Teens,7882,1
twitter/cdnpoli NoCPC,twitter/cdnpoli elxn43 ScheerNonsense votetrudeau,3620,1
twitter/cdnpoli NotAsAdvertised,twitter/ElectionDay ChooseForward cdnpoli canadavotes2019,5580,1
twitter/cdnpoli PRAVDA,Reddit/metacanada,2007,1
twitter/cdnpoli PrimeMinister,4chan/pol,2281,1
twitter/cdnpoli SNCLavalin,4chan/pol,3127,1
twitter/cdnpoli SNCLavalin,twitter/JagmeetSingh NDP extinction,292,1
twitter/cdnpoli Scheer climatestrike prideparade,twitter/onpoli cdnpoli canada elxn43,6,1
twitter/cdnpoli ScheerAmerican,twitter/TeamTrudeau LPC,1034,1
twitter/cdnpoli ScheerAmerican ScheerDisaster,twitter/AndrewScheer ScheerAmerican VoteNoCPC cdnpoli elxn43,1034,1
twitter/cdnpoli ScheerDisaster canadavotes2019,twitter/canadavotes cdnpoli vote,2926,1
twitter/cdnpoli ScheerFraud anythingbutconservative,twitter/ScheerLies elxn43 cdnpoli,3371,1
twitter/cdnpoli ScheerPuppet Elxn43,Facebook/National Meme Board of Canada,5443,1
twitter/cdnpoli TrudeaMustGo Election2019 CarbonTax ClimateEmergency JWR LavScam,twitter/Canada Liberal Traitor Trudeau LPC official,1730,1
twitter/cdnpoli Trudeau,4chan/pol,4399,1
twitter/cdnpoli Trudeau,twitter/BlackFace BrownFace elxn43 CDNpoli,1523,1
twitter/cdnpoli TrudeauBlackface,Reddit/metacanada,1417,1
twitter/cdnpoli TrudeauBlackface,twitter/cdnpoli elxn43 TrudeauBlackface Trudeaubrownface,444,1
twitter/cdnpoli TrudeauBlackface TrudeauMustGo,Reddit/onguardforthee,5184,1
twitter/cdnpoli TrudeauBlackface TrudeauMustGo,twitter/canpoli blackface BrownFaceTrudeau RacistTrudeau LiberalParty,1417,1
twitter/cdnpoli TrudeauMustGo,4chan/pol,7179,2
twitter/cdnpoli TrudeauMustGo,twitter/elxn43 TrudeauMustGo,4410,1
twitter/cdnpoli TrudeauMustGo BrownFaceTrudeau TrudeauBlackface,twitter/Cdnpoli TrudeauBlackface elxn43 22minutes CBC TrudeauMustGo,648,1
twitter/cdnpoli TrudeauMustGo Trudeau Liberal Conservatives Canada Canadian Liberals onpoli,twitter/TrudeauMustGo TrudeauCorruption cdnpoli elxn43,1000,1
twitter/cdnpoli TrudeauMustGo Trudeau Liberal Conservatives Canada Canadian Liberals onpoli FlushTheTurd,Reddit/metacanada,3353,1
twitter/cdnpoli TrudeauMustGo Trudeau Liberal Conservatives Canada Canadian Liberals onpoli FlushTheTurd,twitter/canpoli TrudeauMustGo,4653,1
twitter/cdnpoli TrudeauMustGo TrudeauBlackface,twitter/elxn43 cdnpoli,428,1
twitter/cdnpoli TrudeauMustGo TrudeauMustGo TrudeauWorstPM TrudeauCorruption TrudeauCorruption,twitter/canpoli Elexn43 Debatenight CanadaVotes TrudeauMustGo CanadaDeservesBetter,1220,1
twitter/cdnpoli TrudeauMustResign TrudeauMustGo Trudeaubrownface,twitter/BlackfaceTrudeau elxn43,2099,1
twitter/cdnpoli TrudeauWorstPM canada maga,twitter/JustinTrudeau cdnfp cdnpoli elxn43,56,1
twitter/cdnpoli Vote,twitter/polcan canpoli,2453,1
twitter/cdnpoli WEXITALBERTA,Reddit/onguardforthee,1396,1
twitter/cdnpoli WEXITALBERTA,twitter/rednexit wexit cdnpoli,1770,1
twitter/cdnpoli canadaelection2019 elxn43,Reddit/canadapolitics,1982,1
twitter/cdnpoli canpoli,Facebook/NationalMemeBoardofCanada,8410,1
twitter/cdnpoli canpoli StandonGuard,twitter/elxn43 ChooseForwardWithTrudeau,76,1
twitter/cdnpoli canpoli elxn43 ChooseForward,4chan/pol,4623,1
twitter/cdnpoli canpoli elxn43 ChooseForward,Reddit/onguardforthee,1152,1
twitter/cdnpoli canpoli elxn43 ChooseForward,twitter/cdnpoli Scheerlies,114,1
twitter/cdnpoli cpc,4chan/pol,7951,1
twitter/cdnpoli elx43,Reddit/canadaleft,12921,2
twitter/cdnpoli elx43,twitter/cdnpoli Elexn43,13,1
twitter/cdnpoli elx43 cdnelxn2019,Reddit/canadapoliticshumour,940,1
twitter/cdnpoli elxn19,4chan/pol,1603,1
twitter/cdnpoli elxn2019,twitter/cdnpoli elxn43 imposter,2703,1
twitter/cdnpoli elxn2019 Elexn43,twitter/elxn43 cdnpoli itsourvote,56,1
twitter/cdnpoli elxn2019 canadavotes2019 elxn43,4chan/pol,632,1
twitter/cdnpoli elxn2019 elxn43,twitter/YankeeDoodleAndy cdnpoli elxn43,1034,1
twitter/cdnpoli elxn2019 elxn43 FirstDebate,twitter/cdnpoli elxn43,3991,1
twitter/cdnpoli elxn43,4chan/pol,37953,9
twitter/cdnpoli elxn43,Facebook/Leftist Memes for New Democrat Teens,8925,2
twitter/cdnpoli elxn43,Facebook/National Meme Board of Canada,7521,1
twitter/cdnpoli elxn43,Reddit/canadapolitics,3620,1
twitter/cdnpoli elxn43,Reddit/canadapoliticshumour,5859,2
twitter/cdnpoli elxn43,Reddit/metacanada,8499,3
twitter/cdnpoli elxn43,twitter/CanadaDebates2019 cdnpoli ForwardTogether,4125,1
twitter/cdnpoli elxn43,twitter/FraudThePeople ScheerCuts ScheerLies FiftyThreeBillionInServiceCuts Cdnpoli ONpoli,2341,1
twitter/cdnpoli elxn43,twitter/Liars cdnpoli elxn43 DeceitfulAndy DeceptiveAndy DishonestAndy,3199,1
twitter/cdnpoli elxn43,twitter/ScheerHypocrisy LearnFromOntariosMistake DoNotVoteCon elxn43 cdnpoli,1442,1
twitter/cdnpoli elxn43,twitter/ScheerNotAsAdvertised elxn43 cdnpoli,76,1
twitter/cdnpoli elxn43,twitter/ScheeringTheResume ScheerLies ScheerHypocrisy ChooseForward elxn43,6,1
twitter/cdnpoli elxn43,twitter/andrewscheer CPC elxn43 cdnpoli,13,1
twitter/cdnpoli elxn43,twitter/blackface elxn43,3208,1
twitter/cdnpoli elxn43,twitter/cdnpoli Election2019,678,1
twitter/cdnpoli elxn43,twitter/cdnpoli JustinTrudeau,1523,1
twitter/cdnpoli elxn43,twitter/elxn43 MacLeansDebate Trudeau,3991,1
twitter/cdnpoli elxn43,twitter/elxn43 cdnpoli,8387,3
twitter/cdnpoli elxn43,twitter/elxn43 cdnpoli CDNvote2019,8181,1
twitter/cdnpoli elxn43,twitter/elxn43 cdnpoli ScheerDisaster,61,1
twitter/cdnpoli elxn43,twitter/elxn43 cdnpoli canpoli onpoli,2372,1
twitter/cdnpoli elxn43,twitter/elxn43 polcan cdnpoli,1149,1
twitter/cdnpoli elxn43 BreakingNews,twitter/blackface cdnpoli,23,1
twitter/cdnpoli elxn43 BrownFaceTrudeau,Reddit/canada,3032,1
twitter/cdnpoli elxn43 Canada Trudeau LavScam,4chan/pol,6231,1
twitter/cdnpoli elxn43 CanadaDebates2019,Reddit/onguardforthee,4924,1
twitter/cdnpoli elxn43 CanadaElection2019 BritishColumbia,twitter/Elxn43 cdnpoli,1320,1
twitter/cdnpoli elxn43 CanadaElection2019 CanadaVotes2019,twitter/cdnpoli elxn43 CanadaElection2019 BritishColumbia,1320,1
twitter/cdnpoli elxn43 ChooseForward ChooseForwardWithoutTrudeau,Reddit/metacanada,3172,1
twitter/cdnpoli elxn43 HighCarbonHypocrite,Reddit/metacanada,8485,1
twitter/cdnpoli elxn43 ItsOurVote,4chan/pol,6944,1
twitter/cdnpoli elxn43 ItsOurVote,Facebook/NationalMemeBoardofCanada,1238,1
twitter/cdnpoli elxn43 NeverScheer,twitter/elxn43 canadavotes2019 CanadaDeservesBetter NeverScheer,5573,1
twitter/cdnpoli elxn43 October3rd,Facebook/Team Scheer,4522,1
twitter/cdnpoli elxn43 ScheerNonsense VoteTrudeau,twitter/cdnpoli elxn43,3620,1
twitter/cdnpoli elxn43 ScheerNonsense votetrudeau,twitter/cdnpoli elxn43 ScheerNonsense VoteTrudeau,3620,1
twitter/cdnpoli elxn43 TrudeauBlackface Trudeaubrownface,twitter/ywg cdnpoli TrudeauBlackface,444,1
twitter/cdnpoli elxn43 TrudeauMustGo,4chan/pol,7367,1
twitter/cdnpoli elxn43 TrudeauMustGo,twitter/TrudeauMustGo cdnpoli,1523,1
twitter/cdnpoli elxn43 TrudeauMustGo,twitter/cdnpoli TrudeauMustGo,4410,1
twitter/cdnpoli elxn43 TrudeauMustGo Elecciones2019 abpoli LiberalsMustGo,Reddit/metacanada,3278,1
twitter/cdnpoli elxn43 Wednesday WednesdayWisdom,twitter/elxn43 CanadaVotes,2926,1
twitter/cdnpoli elxn43 greenparty ClimateStrike climatechange climateemergency onpoli,twitter/CDNvote2019 cdnpoli cdnmedia,3070,1
twitter/cdnpoli elxn43 imposter,Reddit/metacanada,2703,1
twitter/cdnpoli elxn43 trudeaumustgo,twitter/RickAstley Canada cdnpoli cdnelxn2019 Elexn43,2453,1
twitter/cdnpoli elxn43 vote,twitter/YQR skpoli cdnpoli,5491,1
twitter/cdnpoli elxn43 voteNDP,Facebook/Leftist Memes for New Democrat Teens,1910,1
twitter/cdnpoli elxn43 yeg Vancouver Victoria Montreal Halifax Edmonton Winnipeg,4chan/pol,918,1
twitter/cdnpoli nofreelunch,twitter/CPCMajority cdnpoli,5397,1
twitter/cdnpoli onpoli,Facebook/Justin Trudeau Not,4906,1
twitter/cdnpoli onpoli abpoli elxn43 MakeCanadaGreatAgain TrudeauMustGo TrudeauWorstPM Brownface,Reddit/metacanada,5566,1
twitter/cdnpoli onpoli abpoli elxn43 MakeCanadaGreatAgain TrudeauMustGo TrudeauWorstPM NotABot,4chan/pol,6386,1
twitter/cdnpoli onpoli polqc ableg bcpoli,Reddit/metacanada,8360,1
twitter/cdnpoli onpoli topoli,4chan/pol,1864,1
twitter/cdnpoli skpoli,4chan/pol,3267,1
twitter/cdnpoli wexit,4chan/pol,4177,1
twitter/cdnpoli yow onpoli qcpoli topoli,Reddit/canadaleft,7199,1
twitter/cdnpoli yvr,twitter/cdnpoli Toronto,4044,1
twitter/chooseforward SNCaladdin elxn43,twitter/ElectionDay elxn43 shameful,2730,1
twitter/climateDingBat hypocrite LavScam cdnpoli,twitter/cdnpoli LavScam elxn43,2703,1
twitter/climatechange cdnpoli,Reddit/metacanada,3928,1
twitter/cndpoli Vote,twitter/cdnpoli elxn43,61,1
twitter/cndpoli bcpoli elxn43,twitter/elxn43 cdnpoli,3199,1
twitter/cndpoli elxn43,Reddit/onguardforthee,1238,1
twitter/cndpoli elxn43 AndrewTrump,twitter/cdnpoli ScheerAmerican ScheerDisaster,1034,1
twitter/cndpoli elxn43 LiberalCorruption TrudeauCorruption VoteThemAllOut,twitter/elxn43 ElectionDay ElectionsCanada Election2019,1126,1
twitter/cndpoli retweet,Reddit/onguardforthee,3349,1
twitter/elex43 cdnpoli,twitter/Election2019 DebateNight macleans canpoli,886,1
twitter/elx43 canpoli abpoli,twitter/elxn43 cdnpoli,918,1
twitter/elxn19 cdnpoli caib,twitter/elxn43 cdnpoli ScheeringTheResume,3371,1
twitter/elxn2019 cdnpoli,Reddit/canadapoliticshumour,7399,1
twitter/elxn2019 cdnpoli TrudeauMustGo TrudeauBlackface,Reddit/canada,444,1
twitter/elxn2019 elxn43 cdnpoli TrudeauMustGo ChooseForward,twitter/TrudeaulessTuesday elxn43 CDNvote2019,5538,1
twitter/elxn2019 elxn43 cdnpoli polqc polcan,Facebook/LeftistMemesforNewDemocratTeens,1320,1
twitter/elxn42 cdnpoli,Reddit/onguardforthee,1299,1
twitter/elxn43 CDNvote2019,twitter/cdnpoli elxn43,615,1
twitter/elxn43 CDNvote2019 cdnpoli Scheer4PM,4chan/pol,3301,1
twitter/elxn43 CDNvote2019 cndpoli cdnpoli,Reddit/canadaleft,2283,1
twitter/elxn43 CanadaVotes,4chan/pol,2926,1
twitter/elxn43 CanadaVotes,Reddit/canadaleft,1073,1
twitter/elxn43 ChooseForward,twitter/cndpoli bcpoli elxn43,3199,1
twitter/elxn43 ChooseForwardWithTrudeau,twitter/YankeeDoodleAndy DonaldTrump CluckCluck cdnpoli elxn43 ChooseForward,1319,1
twitter/elxn43 ChooseForwardWithTrudeau,twitter/cdnpoli elxn43,76,1
twitter/elxn43 ChooseMaxime,4chan/pol,3694,1
twitter/elxn43 Election2019,twitter/leadersdebate2019 cdnpoli,231,1
twitter/elxn43 ElectionsCanada,twitter/ColdWorldNoBlanket cndpoli MorningAfter NoChill,6437,1
twitter/elxn43 MacLeansDebate Trudeau,twitter/LiarJohnson LiarTrudeau cdnpoli elxn43,3991,1
twitter/elxn43 NDP,Reddit/onguardforthee,3360,1
twitter/elxn43 NeverScheer ChooseForwardWithTrudeau SaveCanada,twitter/cdnpoli elxn43 NeverScheer,5573,1
twitter/elxn43 Scheer4PM CDNvote2019,4chan/pol,3822,1
twitter/elxn43 ScheerVictory,twitter/CanadaDebates2019 cdnpoli elxn43,5739,1
twitter/elxn43 SheerHypocrisy SheerMadness,twitter/elxn43 elxnday ABC,6522,1
twitter/elxn43 Trudeau Trugrope,twitter/cdnpoli elxn43,1042,1
twitter/elxn43 TrudeauMustGo,Facebook/Justin Trudno,4329,1
twitter/elxn43 TrudeauMustGo,Reddit/metacanada,4410,1
twitter/elxn43 TrudeauMustGo,twitter/progressive cdnpoli elxn43,1447,1
twitter/elxn43 TrudeauMustResign BlackfaceTrudeau,Reddit/metacanada,3814,1
twitter/elxn43 brownface,Reddit/canada,1360,1
twitter/elxn43 canadavotes2019 CanadaDeservesBetter,twitter/DougFraud CPC,996,1
twitter/elxn43 canadavotes2019 CanadaDeservesBetter NeverScheer,twitter/elxn43 cdnpoli,5573,1
twitter/elxn43 canadavotes2019 CanadaElection2019 CanadaDeservesBetter,4chan/pol,6629,1
twitter/elxn43 canadavotes2019 CanadaElection2019 canadavotes2019 CanadaDeservesBetter NDP canpoli cdnpoli,4chan/pol,7689,1
twitter/elxn43 canpoli,4chan/pol,292,1
twitter/elxn43 canpoli,twitter/cdnpoli Trudeau blackface,5072,1
twitter/elxn43 cdnpoli,4chan/pol,34007,8
twitter/elxn43 cdnpoli,Facebook/Justin Trudno,428,1
twitter/elxn43 cdnpoli,Facebook/Leftist Memes for New Democrat Teens,2061,1
twitter/elxn43 cdnpoli,Facebook/North99,5573,1
twitter/elxn43 cdnpoli,Reddit/canada,1633,2
twitter/elxn43 cdnpoli,Reddit/canadapoliticshumour,7174,4
twitter/elxn43 cdnpoli,Reddit/metacanada,3199,1
twitter/elxn43 cdnpoli,twitter/CanadaElection2019 elxn43,934,1
twitter/elxn43 cdnpoli,twitter/InItForYou elxn43 cdnpoli,321,1
twitter/elxn43 cdnpoli,twitter/NeverJagmeet NoNDP elxn43 freeshit,2059,1
twitter/elxn43 cdnpoli,twitter/NotAsAdvertised ScheeringTheResume cdnpoli,2115,1
twitter/elxn43 cdnpoli,twitter/Sinterklaas TrudeauMustGo cdnpoli,19,1
twitter/elxn43 cdnpoli,twitter/TriggerChange cdnpoli elxn43 CPC19 CPC cpc2019 TrudeauMustGo,2730,1
twitter/elxn43 cdnpoli,twitter/TrudeauMustGo cdnpoli elxn43,3814,1
twitter/elxn43 cdnpoli,twitter/cdnpoli CanadaDebates2019 elxn2019 elx43,1864,1
twitter/elxn43 cdnpoli,twitter/cdnpoli Elexn43,1950,1
twitter/elxn43 cdnpoli,twitter/cdnpoli elxn43,5555,3
twitter/elxn43 cdnpoli,twitter/cdnpoli skpoli,3267,1
twitter/elxn43 cdnpoli,twitter/cndpoli elxn43,1238,1
twitter/elxn43 cdnpoli,twitter/elx43 cdnpoli,1004,1
twitter/elxn43 cdnpoli,twitter/elxn43 brownface,1360,1
twitter/elxn43 cdnpoli CancelCultureCancelled,4chan/pol,6827,1
twitter/elxn43 cdnpoli ChooseForward,4chan/pol,7379,1
twitter/elxn43 cdnpoli ChooseForwardWithTrudeau,twitter/ScheerNonsense ScheerDisaster KinsellaGate elxn43,996,1
twitter/elxn43 cdnpoli FordIsFailing DrinkUpSuckers onpoli,Reddit/onguardforthee,27,1
twitter/elxn43 cdnpoli ImWithJagmeet,twitter/elxn43 cdnpoli canpoli,1950,1
twitter/elxn43 cdnpoli ScheerDesperation,twitter/weakandy scaredandy scheerlies cdnpoli elxn43,206,1
twitter/elxn43 cdnpoli ScheerDisaster,twitter/elxn43 nspoli canpoli,61,1
twitter/elxn43 cdnpoli TrudeauBlackface,twitter/ICYMI cdnpoli elxn43 Debatenight,2258,1
twitter/elxn43 cdnpoli TrudeauMustGo,Facebook/Don'tDrinktheCanadianCool-Aid,4764,1
twitter/elxn43 cdnpoli TrudeauMustGo ChooseForward,twitter/elxn2019 elxn43 cdnpoli TrudeauMustGo ChooseForward,5538,1
twitter/elxn43 cdnpoli Vancouver yvr,twitter/cdnpoli yvr,4044,1
twitter/elxn43 cdnpoli Vote NeverScheer,twitter/elxn43 cdnpoli,1238,1
twitter/elxn43 cdnpoli canada ScheerLoser,Reddit/canadapoliticshumour,3716,1
twitter/elxn43 cdnpoli canpoli onpoli,twitter/cdnpoli CDNvote2019,2372,1
twitter/elxn43 cdnpoli faceafaceTVA,4chan/pol,6756,1
twitter/elxn43 cdnpoli itsourvote,twitter/JustinTrudeau brownface cdnpoli,56,1
twitter/elxn43 cdnpoli yyc,4chan/pol,1024,1
twitter/elxn43 cdnpolil leadersdebate2019,Reddit/metacanada,2057,1
twitter/elxn43 elxn19,twitter/cdnpoli onpoli,507,1
twitter/elxn43 elxn2019 CanadaVotes,twitter/cdnpoli elxn2019 elxn43 NDP UpRiSingh,2586,1
twitter/elxn43 leadersdebate2019,twitter/canadadebates2019 elxn43,1217,1
twitter/elxn43 macleansdebate,twitter/MIA cdnpoli,886,1
twitter/elxn43 polcan cdnpoli,twitter/ScheerDisaster onpoli cdnpoli elx43 ScheerCuts,3166,1
twitter/elxn43 polcan cdnpoli,twitter/elxn43 cdnpoli,1149,1
twitter/elxn43 trudeaumustgo BrownFaceTrudeau blackface,4chan/pol,900,1
twitter/equalization elxn43 TrudeauMustGo wexit,Facebook/Don't Drink the Canadian Cool-Aid,3545,1
twitter/exln43 cdnpoli,4chan/pol,2416,1
twitter/firstdebate cdnpoli elxn19,Reddit/metacanada,1935,1
twitter/firstdebate cdnpoli elxn43,Reddit/canadaleft,4926,1
twitter/firstdebate elxn43,twitter/elxn43 cdnpoli,1864,1
twitter/humour Trudeau jagmeetsingh polcan PLC NPD,4chan/pol,4045,1
twitter/hw cdnpoli,4chan/pol,3414,2
twitter/hw cdnpoli,twitter/cdnpoli SNCLavalin,3419,2
twitter/hw cdnpoli,twitter/elxn43 Election2019,231,1
twitter/iOS13 cdnpoli blackface BrownFaceTrudeau,4chan/pol,6498,1
twitter/inappropriate TrudeauMustGo FakeFeminist Hypocrite EntitledPunk Notaleader Narcissist elxn43,twitter/TrudeauMustGo inappropriate Groper FakeFeminist disgrace elxn43,3238,1
twitter/jagmeetsingh cdnpoli elxn43 Debatenight,Reddit/ndp,324,1
twitter/kamloops cookie cdnpoli,Reddit/canadaleft,6035,1
twitter/leadersdebate2019 CanadaDebates2019 NDP,twitter/NDP Students college University Canada,5509,1
twitter/leadersdebate2019 CanadaDebates2019 elxn43,twitter/POLS3200 cdnpoli,3618,1
twitter/leadersdebate2019 elxn43,twitter/elxn43 leadersdebate2019,1217,1
twitter/liberals cdnpoli elxn43,twitter/TwoPlanesTrudeau JustinTwoPlanes TrudeauMustGo TrudeauTheHypocrite canpoli elxn43 polcan,282,1
twitter/ndp cdnpoli elxn43,twitter/ndp elxn43 cdnpoli,828,1
twitter/neverconservative cdnpoli,Reddit/canada,3371,1
twitter/nlpoli cdnpoli,Facebook/Don'tDrinktheCanadianCool-Aid,3604,1
twitter/nuffsaid cdnpoli elxn43,twitter/cdnpoli elxn43,6240,1
twitter/onpoli cdnpoli,4chan/pol,1523,1
twitter/onpoli cdnpoli RealTalk Truth,twitter/WhyIVotedPeoplesParty elxn43 polcan canpoli PeoplesPartyofCanada,6710,1
twitter/onpoli cdnpoli canada elxn43,twitter/cdnpoli elxn43,6,1
twitter/onpoli cdnpoli topoli Election2019 ICYMI CPC_HQ,twitter/anybodybutscheer elx43 LiberalParty cdnpoli,1034,1
twitter/paiii polcan,twitter/paiiii polcan,3677,1
twitter/paiiii polcan,4chan/pol,3677,1
twitter/paiiiii polcan,twitter/paiii polcan,3677,1
twitter/peopleinglasshouses ScheerLies cdnpoli,twitter/cdnpoli ScheerFraud anythingbutconservative,3371,1
twitter/polcan Elections2019,twitter/paiiiii polcan,3677,1
twitter/polcan canpoli,twitter/cdnpoli elxn43 trudeaumustgo,2453,1
twitter/polcan climat,twitter/elxn43 polcan cdnpoli,2128,1
twitter/polcan elxn43,Reddit/canadapoliticshumour,9573,2
twitter/polcan faceafaceTVA,twitter/leadersdebate2019 CanadaDebates2019 elxn43,3618,1
twitter/polcan polqc JustinTrudeau,twitter/Cdnpoli elxn43 TrudeauBlackface,3032,1
twitter/politics cdnpoli,4chan/pol,5979,1
twitter/polqc polcan,Facebook/Qu√©bec FIER,1557,1
twitter/ppc Canada,4chan/pol,7334,1
twitter/progressive cdnpoli elxn43,Reddit/metacanada,1447,1
twitter/racismisracism cdnpoli elxn43,twitter/hw cdnpoli,1360,1
twitter/racist groper cdnpoli,twitter/cdnpoli ellxn43,56,1
twitter/stcath ourhomestc cdnpoli elxn43 StCatharines Niagara NoConBullshit,4chan/pol,1900,1
twitter/thief cdnpoli,Facebook/Justin Trudeau Not,4565,1
twitter/tosunfront Trudeaublackface cdnpoli elxn43,twitter/TorontoSun Trudeaublackface elxn43 cdnpoli Torsun,469,1
twitter/uspoli cdnpoli slavery,4chan/pol,2673,1
twitter/vote cdnpoli canadaelection2019 equal diversity election vote indigenous vote yyc vote,twitter/cdnpoli elxn43 Wednesday WednesdayWisdom,2926,1
twitter/voteanimal muppets politikahr cdnpoli,Reddit/metacanada,1978,1
twitter/weakandy scaredandy scheerlies cdnpoli elxn43,Reddit/canadapoliticshumour,206,1
twitter/wednesdaythoughts StopTheBias TrudeauMustGo elxn43 elx43 brownface,twitter/WednesdayWisdom cndpoli TrudeauMustGo elxn43 elx43 Trudeau brownface blackface,415,1
twitter/wexit Brexit JasonKenney cdnpoli,Reddit/canadapoliticshumour,4108,1
twitter/wexit cdnpoli,4chan/pol,7075,1
twitter/yourvotematters elxn43,Reddit/canada,6041,1
twitter/ywg cdnpoli TrudeauBlackface,twitter/ChooseBlackward cdnpoli TrudeauTheHypocrite elxn43 TrudeauMustGo,444,1
