cluster,FileName,images,socialmedia,URL,SocialMedia,BoardName,group,hashtags,UserName,TimeStamp,date,time,datetime,14,15,16,17,18,19,20,21,22,23,24,25,26,27,28,29,30,31,32,33,34,35,36,37,38
61,72336717_10157267365925259_7798470216400240640_n.jpg,/Volumes/Elsa_HD2/Memes/all/Facebook/72336717_10157267365925259_7798470216400240640_n.jpg,Facebook,,facebook,,,,,,,,1900-01-00 00:00:00,,,72336717_10157267365925259_7798470216400240640_n,LeftistMemesforNewDemocratTeens,Leftist Memes for New Democrat Teens,Organic,https://www.facebook.com/photo.php?fbid=10157267365915259&set=a.10151285533360259&type=3&theater&ifg=1,,Page not found,,,50,,,1.02e+16,,,Leftist Memes for New Democrat Teens,Page not found,,https://www.facebook.com/photo.php?fbid=10157267365915259&set=a.10151285533360259&type=3&theater&ifg=1,,,,
107,1568982819170 (1).jpg,/Volumes/Elsa_HD2/Memes/all/4chan/1568982819170 (1).jpg,4chan,,,,,,,,,,,,,,,,,,,,,,,,,,,,,,,,,,,
137,1481515825715 (1).gif,/Volumes/Elsa_HD2/Memes/all/4chan/1481515825715 (1).gif,4chan,,,,,,,,,,,,,,,,,,,,,,,,,,,,,,,,,,,
200,1508038063470 (1).jpg,/Volumes/Elsa_HD2/Memes/all/4chan/1508038063470 (1).jpg,4chan,,,,,,,,,,,,,,,,,,,,,,,,,,,,,,,,,,,
277,1494134297396 (1).gif,/Volumes/Elsa_HD2/Memes/all/4chan/1494134297396 (1).gif,4chan,,,,,,,,,,,,,,,,,,,,,,,,,,,,,,,,,,,
319,72067075_10157493723955140_9213072438990995456_n.jpg,/Volumes/Elsa_HD2/Memes/all/Facebook/72067075_10157493723955140_9213072438990995456_n.jpg,Facebook,,facebook,,,,,,,,1900-01-00 00:00:00,,,72067075_10157493723955140_9213072438990995456_n,LeftistMemesforNewDemocratTeens,Leftist Memes for New Democrat Teens,Organic,https://www.facebook.com/photo.php?fbid=10157493723940140&set=gm.1350666195085136&type=3&theater&ifg=1,,,,,79,,,1.02e+16,,,Leftist Memes for New Democrat Teens,,,https://www.facebook.com/photo.php?fbid=10157493723940140&set=gm.1350666195085136&type=3&theater&ifg=1,,,,
321,72383917_10157987042885016_467024251161935872_n.jpg,/Volumes/Elsa_HD2/Memes/all/Facebook/72383917_10157987042885016_467024251161935872_n.jpg,Facebook,,facebook,,,,,,,,1900-01-00 00:00:00,,,72383917_10157987042885016_467024251161935872_n,LeftistMemesforNewDemocratTeens,Leftist Memes for New Democrat Teens,Organic,https://www.facebook.com/photo.php?fbid=10157987042880016&set=a.75042045015&type=3&theater&ifg=1,,Wrong link (from original page),,,100; 101,,,1.02e+16,,,Leftist Memes for New Democrat Teens,Wrong link (from original page),,https://www.facebook.com/photo.php?fbid=10157987042880016&set=a.75042045015&type=3&theater&ifg=1,,,,
330,71494502_692370031268449_6914077299864240128_o.jpg,/Volumes/Elsa_HD2/Memes/all/Facebook/71494502_692370031268449_6914077299864240128_o.jpg,Facebook,,,,,,,,,,,,,,,,,,,,,,,,,,,,,,,,,,,
468,71855522_10156912228204527_2093201626520092672_n.jpg,/Volumes/Elsa_HD2/Memes/all/Facebook/71855522_10156912228204527_2093201626520092672_n.jpg,Facebook,,facebook,,,,,,,,1900-01-00 00:00:00,,,71855522_10156912228204527_2093201626520092672_n,LeftistMemesforNewDemocratTeens,Leftist Memes for New Democrat Teens,Organic,https://www.facebook.com/photo.php?fbid=10156912228199527&set=a.10150857397429527&type=3&theater&ifg=1,,Wrong link (from original page),,,6,,,1.02e+16,,,Leftist Memes for New Democrat Teens,Wrong link (from original page),,https://www.facebook.com/photo.php?fbid=10156912228199527&set=a.10150857397429527&type=3&theater&ifg=1,,,,
591,1571966258289 (1).jpg,/Volumes/Elsa_HD2/Memes/all/4chan/1571966258289 (1).jpg,4chan,,,,,,,,,,,,,,,,,,,,,,,,,,,,,,,,,,,
632,image86.jpg,/Volumes/Elsa_HD2/Memes/all/Facebook/image86.jpg,Facebook,,facebook,,,,,,,,1900-01-00 00:00:00,,,image86,Don'tDrinktheCanadianCool-Aid,Don't Drink the Canadian Cool-Aid,Organic,https://www.facebook.com/photo.php?fbid=10219998303336268&set=a.10214290275359136&type=3&theater,,,,,,,,1.02e+16,,,Don't Drink the Canadian Cool-Aid,,,https://www.facebook.com/photo.php?fbid=10219998303336268&set=a.10214290275359136&type=3&theater,,,,
817,1571281481917 (1).jpg,/Volumes/Elsa_HD2/Memes/all/4chan/1571281481917 (1).jpg,4chan,,,,,,,,,,,,,,,,,,,,,,,,,,,,,,,,,,,
934,73513485_10162656690150454_2901017144479186944_n.jpg,/Volumes/Elsa_HD2/Memes/all/Facebook/73513485_10162656690150454_2901017144479186944_n.jpg,Facebook,,facebook,,,,,,,,,,,73513485_10162656690150454_2901017144479186944_n,OccupyCanada,Occupy Canada,Organic,https://www.facebook.com/photo.php?fbid=10162656690145454&set=a.10150596920150454&type=3&theater,,,,,93;84,,,1.02e+16,,,Occupy Canada,,,https://www.facebook.com/photo.php?fbid=10162656690145454&set=a.10150596920150454&type=3&theater,,,,
944,1571696513224 (1).png,/Volumes/Elsa_HD2/Memes/all/4chan/1571696513224 (1).png,4chan,,,,,,,,,,,,,,,,,,,,,,,,,,,,,,,,,,,
996,72223204_438585346767130_7180779994258341888_n.png,/Volumes/Elsa_HD2/Memes/all/Facebook/72223204_438585346767130_7180779994258341888_n.png,Facebook,,facebook,,,,,,,,,,,72223204_438585346767130_7180779994258341888_n,OccupyCanada,Occupy Canada,Organic,https://www.facebook.com/keepcanadabeautiful/photos/a.306933906598942/438585343433797/?type=3&theater,,,,,101;94,,,439000000000000.0,,,Occupy Canada,,,https://www.facebook.com/keepcanadabeautiful/photos/a.306933906598942/438585343433797/?type=3&theater,,,,
1034,72560924_2408627895881181_5713329143983112192_n.png,/Volumes/Elsa_HD2/Memes/all/Facebook/72560924_2408627895881181_5713329143983112192_n.png,Facebook,,facebook,,,,,,,,1900-01-00 00:00:00,,,72560924_2408627895881181_5713329143983112192_n,LeftistMemesforNewDemocratTeens,Leftist Memes for New Democrat Teens,Organic,https://www.facebook.com/OccupyCalgary/photos/a.181825418561451/2408627892547848/?type=3&theater&ifg=1,,Wrong link (from original page),,,101,,,2410000000000000.0,,,Leftist Memes for New Democrat Teens,Wrong link (from original page),,https://www.facebook.com/OccupyCalgary/photos/a.181825418561451/2408627892547848/?type=3&theater&ifg=1,,,,
1073,73524492_2315597992083727_5867960447814074368_n.png,/Volumes/Elsa_HD2/Memes/all/Facebook/73524492_2315597992083727_5867960447814074368_n.png,Facebook,,,,,,,,,,,,,,,,,,,,,,,,,,,,,,,,,,,
1073,70356754_2709161625783727_5529868752646045696_n.jpg,/Volumes/Elsa_HD2/Memes/all/Facebook/70356754_2709161625783727_5529868752646045696_n.jpg,Facebook,,,,,,,,,,,,,,,,,,,,,,,,,,,,,,,,,,,
1139,1386276399888 (1).gif,/Volumes/Elsa_HD2/Memes/all/4chan/1386276399888 (1).gif,4chan,,,,,,,,,,,,,,,,,,,,,,,,,,,,,,,,,,,
1238,71258121_10156132209022820_4328965604280107008_n.jpg,/Volumes/Elsa_HD2/Memes/all/Facebook/71258121_10156132209022820_4328965604280107008_n.jpg,Facebook,,facebook,,,,,,,,1900-01-00 00:00:00,,,71258121_10156132209022820_4328965604280107008_n,LeftistMemesforNewDemocratTeens,Leftist Memes for New Democrat Teens,Organic,https://www.facebook.com/photo.php?fbid=10156132209017820&set=a.119259767819&type=3&theater&ifg=1,,Wrong link (from original page),,,92,,,1000000000000000.0,,,National Meme Board of Canada,,,https://www.facebook.com/national.meme.board/posts/1002749316723387,,,,
1238,71545958_10156583401571770_1483271538403704832_n.jpg,/Volumes/Elsa_HD2/Memes/all/Facebook/71545958_10156583401571770_1483271538403704832_n.jpg,Facebook,,facebook,,,,,,,,1900-01-00 00:00:00,,,71545958_10156583401571770_1483271538403704832_n,LeftistMemesforNewDemocratTeens,Leftist Memes for New Democrat Teens,Organic,https://www.facebook.com/photo.php?fbid=10156583401566770&set=a.10150976457066770&type=3&theater,,Wrong link (from original page),,,92,,,1.02e+16,,,Leftist Memes for New Democrat Teens,Wrong link (from original page),,https://www.facebook.com/photo.php?fbid=10156583401566770&set=a.10150976457066770&type=3&theater,,,,
1320,75258498_10156558554836905_7374111362902917120_n.jpg,/Volumes/Elsa_HD2/Memes/all/Facebook/75258498_10156558554836905_7374111362902917120_n.jpg,Facebook,,facebook,,,,,,,,1900-01-00 00:00:00,,,75258498_10156558554836905_7374111362902917120_n,LeftistMemesforNewDemocratTeens,Leftist Memes for New Democrat Teens,Organic,https://www.facebook.com/photo.php?fbid=10156558554831905&set=a.215754641904&type=3&theater&ifg=1,,Wrong link (from original page),,,98,,,1.02e+16,,,Leftist Memes for New Democrat Teens,Wrong link (from original page),,https://www.facebook.com/photo.php?fbid=10156558554831905&set=a.215754641904&type=3&theater&ifg=1,,,,
1329,72439580_10156818590280910_2130497490430984192_n.jpg,/Volumes/Elsa_HD2/Memes/all/Facebook/72439580_10156818590280910_2130497490430984192_n.jpg,Facebook,,facebook,,,,,,,,1900-01-00 00:00:00,,,72439580_10156818590280910_2130497490430984192_n,LeftistMemesforNewDemocratTeens,Leftist Memes for New Democrat Teens,Organic,https://www.facebook.com/photo.php?fbid=10156818590275910&set=a.10154196250885910&type=3&theater&ifg=1,,Wrong link (from original page),,,90,,,1.02e+16,,,Leftist Memes for New Democrat Teens,Wrong link (from original page),,https://www.facebook.com/photo.php?fbid=10156818590275910&set=a.10154196250885910&type=3&theater&ifg=1,,,,
1360,1570070559635 (1).jpg,/Volumes/Elsa_HD2/Memes/all/4chan/1570070559635 (1).jpg,4chan,,,,,,,,,,,,,,,,,,,,,,,,,,,,,,,,,,,
1360,1571639030119.jpg,/Volumes/Elsa_HD2/Memes/all/4chan/1571639030119.jpg,4chan,,,,,,,,,,,,,,,,,,,,,,,,,,,,,,,,,,,
1394,1571634877656.png,/Volumes/Elsa_HD2/Memes/all/4chan/1571634877656.png,4chan,,,,,,,,,,,,,,,,,,,,,,,,,,,,,,,,,,,
1536,1563226178214 (1).jpg,/Volumes/Elsa_HD2/Memes/all/4chan/1563226178214 (1).jpg,4chan,,,,,,,,,,,,,,,,,,,,,,,,,,,,,,,,,,,
1622,1494894988633 (1).jpg,/Volumes/Elsa_HD2/Memes/all/4chan/1494894988633 (1).jpg,4chan,,,,,,,,,,,,,,,,,,,,,,,,,,,,,,,,,,,
1658,1396805823115 (1).gif,/Volumes/Elsa_HD2/Memes/all/4chan/1396805823115 (1).gif,4chan,,,,,,,,,,,,,,,,,,,,,,,,,,,,,,,,,,,
1795,1571703440883.jpg,/Volumes/Elsa_HD2/Memes/all/4chan/1571703440883.jpg,4chan,,,,,,,,,,,,,,,,,,,,,,,,,,,,,,,,,,,
1817,71153933_691996154639170_3780655029707341824_o.jpg,/Volumes/Elsa_HD2/Memes/all/Facebook/71153933_691996154639170_3780655029707341824_o.jpg,Facebook,,facebook,,,,,,,,1900-01-00 00:00:00,,,71153933_691996154639170_3780655029707341824_o,JustinTrudeauNot,Justin Trudeau Not,Organic,https://www.facebook.com/JustinTrudeauNot/posts/907075809667697?__xts__%5B0%5D=68.ARA0ZGUWA47u5uBULXcm6dUCHHgs7dZTNwWFkUXzS-XLj0S5rVLrhCgBGOhsTdP2CnZ6C8UGHmutIWCOiCTGOZP3wMeR5Hd3hqjfQ1z3iFdLtil1Qde7iES60evAU4PRzy6RnuGlf6E6MgveDnOuU06AhKIJsC6DIVPSdGfcEE8KWNUaWG1tlxmSHW9mOD1ZOtAa_GazjO7zX4ilLK7265XgE1hDbrM5BJgIWMjk-FhHw4DCxZwlq5TlZK_IPOJ7kPszrcshkNXr0aewwwRxSGk3AlkWKNPV7f5vyKRbUpi_mRWO_sZEWA2jVi_ZU1uxuDoJhyyw_SgPS9GfS4ZZgZXpI7VydnZbm_WACVgzsyzgNK47V7KvnoGX6N9c4wFXKGy_UfpF6GnFVFfMeSPRZx2XIgQUU0CS8Ob5Ll3wxQ4tgLOgso-8vfrcaWggofPjJemiZjoOKtqXMBfW13OArDlH5OGrnv2j8DTQE9I9vm6y9MlhcEI&__tn__=-R,,,,,,,,907000000000000.0,,,Justin Trudeau Not,,,https://www.facebook.com/JustinTrudeauNot/posts/907075809667697?__xts__%5B0%5D=68.ARA0ZGUWA47u5uBULXcm6dUCHHgs7dZTNwWFkUXzS-XLj0S5rVLrhCgBGOhsTdP2CnZ6C8UGHmutIWCOiCTGOZP3wMeR5Hd3hqjfQ1z3iFdLtil1Qde7iES60evAU4PRzy6RnuGlf6E6MgveDnOuU06AhKIJsC6DIVPSdGfcEE8KWNUaWG1tlxmSHW9mOD1ZOtAa_GazjO7zX4ilLK7265XgE1hDbrM5BJgIWMjk-FhHw4DCxZwlq5TlZK_IPOJ7kPszrcshkNXr0aewwwRxSGk3AlkWKNPV7f5vyKRbUpi_mRWO_sZEWA2jVi_ZU1uxuDoJhyyw_SgPS9GfS4ZZgZXpI7VydnZbm_WACVgzsyzgNK47V7KvnoGX6N9c4wFXKGy_UfpF6GnFVFfMeSPRZx2XIgQUU0CS8Ob5Ll3wxQ4tgLOgso-8vfrcaWggofPjJemiZjoOKtqXMBfW13OArDlH5OGrnv2j8DTQE9I9vm6y9MlhcEI&__tn__=-R,,,,
1889,71880226_10219326695973920_43970462132207616_n.jpg,/Volumes/Elsa_HD2/Memes/all/Facebook/71880226_10219326695973920_43970462132207616_n.jpg,Facebook,,facebook,,,,,,,,,,,71880226_10219326695973920_43970462132207616_n,OccupyCanada,Occupy Canada,Organic,https://www.facebook.com/photo.php?fbid=10219326695933919&set=a.3170912827511&type=3&theater,,,,,101,,,1.02e+16,,,Occupy Canada,,,https://www.facebook.com/photo.php?fbid=10219326695933919&set=a.3170912827511&type=3&theater,,,,
1898,1389643872195 (1).png,/Volumes/Elsa_HD2/Memes/all/4chan/1389643872195 (1).png,4chan,,,,,,,,,,,,,,,,,,,,,,,,,,,,,,,,,,,
1900,71746538_10213687185168098_5699868007807844352_n.jpg,/Volumes/Elsa_HD2/Memes/all/Facebook/71746538_10213687185168098_5699868007807844352_n.jpg,Facebook,,,,,,,,,,,,,,,,,,,,,,,,,,,,,,,,,,,
1910,71180851_10215074013985609_2432018720189579264_n.jpg,/Volumes/Elsa_HD2/Memes/all/Facebook/71180851_10215074013985609_2432018720189579264_n.jpg,Facebook,,facebook,,,,,,,,1900-01-00 00:00:00,,,71180851_10215074013985609_2432018720189579264_n,LeftistMemesforNewDemocratTeens,Leftist Memes for New Democrat Teens,Organic,https://www.facebook.com/photo.php?fbid=10215074013945608&set=a.1345504079514&type=3&theater&ifg=1,,Wrong link (from original page),,,94,,,1.02e+16,,,Leftist Memes for New Democrat Teens,Wrong link (from original page),,https://www.facebook.com/photo.php?fbid=10215074013945608&set=a.1345504079514&type=3&theater&ifg=1,,,,
2007,1568395662699 (1).jpg,/Volumes/Elsa_HD2/Memes/all/4chan/1568395662699 (1).jpg,4chan,,,,,,,,,,,,,,,,,,,,,,,,,,,,,,,,,,,
2096,73292706_10101639421554065_6440754264414355456_n.jpg,/Volumes/Elsa_HD2/Memes/all/Facebook/73292706_10101639421554065_6440754264414355456_n.jpg,Facebook,,facebook,,,,,,,,1900-01-00 00:00:00,,,73292706_10101639421554065_6440754264414355456_n,LeftistMemesforNewDemocratTeens,Leftist Memes for New Democrat Teens,Organic,https://www.facebook.com/photo.php?fbid=10101639421549075&set=gm.1365152583636497&type=3&theater&ifg=1,,Page not found,,,98,,,1.01e+16,,,Leftist Memes for New Democrat Teens,Page not found,,https://www.facebook.com/photo.php?fbid=10101639421549075&set=gm.1365152583636497&type=3&theater&ifg=1,,,,
2098,72477599_10101167416865266_8613068737555202048_n.jpg,/Volumes/Elsa_HD2/Memes/all/Facebook/72477599_10101167416865266_8613068737555202048_n.jpg,Facebook,,facebook,,,,,,,,,,,72477599_10101167416865266_8613068737555202048_n,OccupyCanada,Occupy Canada,Organic,https://www.facebook.com/photo.php?fbid=10101167416860276&set=a.575107593836&type=3&theater,,,,,39;75,,,1.01e+16,,,Occupy Canada,,,https://www.facebook.com/photo.php?fbid=10101167416860276&set=a.575107593836&type=3&theater,,,,
2108,1569624636595 (1).jpg,/Volumes/Elsa_HD2/Memes/all/4chan/1569624636595 (1).jpg,4chan,,,,,,,,,,,,,,,,,,,,,,,,,,,,,,,,,,,
2224,1535229164635 (1).png,/Volumes/Elsa_HD2/Memes/all/4chan/1535229164635 (1).png,4chan,,,,,,,,,,,,,,,,,,,,,,,,,,,,,,,,,,,
2251,1385900410298.gif,/Volumes/Elsa_HD2/Memes/all/4chan/1385900410298.gif,4chan,,,,,,,,,,,,,,,,,,,,,,,,,,,,,,,,,,,
2258,image124.jpg,/Volumes/Elsa_HD2/Memes/all/Facebook/image124.jpg,Facebook,,facebook,,,,,,,,1900-01-00 00:00:00,,,image124,Don'tDrinktheCanadianCool-Aid,Don't Drink the Canadian Cool-Aid,Organic,https://www.facebook.com/photo.php?fbid=10162491445450626&set=p.10162491445450626&type=3&theater,,,,,,,,1.02e+16,,,Don't Drink the Canadian Cool-Aid,,,https://www.facebook.com/photo.php?fbid=10157907712683000&set=p.10157907712683000&type=3&theater,,,,
2258,1556067088239 (1).jpg,/Volumes/Elsa_HD2/Memes/all/4chan/1556067088239 (1).jpg,4chan,,,,,,,,,,,,,,,,,,,,,,,,,,,,,,,,,,,
2372,1556589665482 (1).jpg,/Volumes/Elsa_HD2/Memes/all/4chan/1556589665482 (1).jpg,4chan,,,,,,,,,,,,,,,,,,,,,,,,,,,,,,,,,,,
2392,1567855384053 (1).jpg,/Volumes/Elsa_HD2/Memes/all/4chan/1567855384053 (1).jpg,4chan,,,,,,,,,,,,,,,,,,,,,,,,,,,,,,,,,,,
2411,25t68wzsw9m31.gif,/Volumes/Elsa_HD2/Memes/all/Reddit/canadaleft/20200628/25t68wzsw9m31.gif,Reddit,,reddit,,,,,,,,,,,,,,,,,,,,,,,,,,,,,,,,GIF,
2411,25t68wzsw9m31.gif,/Volumes/Elsa_HD2/Memes/all/Reddit/ndp/20200628/25t68wzsw9m31.gif,Reddit,,reddit,,,,,,,,,,,,,,,,,,,,,,,,,,,,,,,,GIF,
2419,1568959179870 (1).jpg,/Volumes/Elsa_HD2/Memes/all/4chan/1568959179870 (1).jpg,4chan,,,,,,,,,,,,,,,,,,,,,,,,,,,,,,,,,,,
2469,1538335736142 (1).jpg,/Volumes/Elsa_HD2/Memes/all/4chan/1538335736142 (1).jpg,4chan,,,,,,,,,,,,,,,,,,,,,,,,,,,,,,,,,,,
2472,71179920_10162591109205601_4486630890188832768_n.jpg,/Volumes/Elsa_HD2/Memes/all/Facebook/71179920_10162591109205601_4486630890188832768_n.jpg,Facebook,,facebook,,,,,,,,1900-01-00 00:00:00,,,71179920_10162591109205601_4486630890188832768_n,LeftistMemesforNewDemocratTeens,Leftist Memes for New Democrat Teens,Organic,https://www.facebook.com/photo.php?fbid=10162591109195601&set=a.128267935600&type=3&theater&ifg=1,,,,,84; 95,,,1.02e+16,,,Leftist Memes for New Democrat Teens,,,https://www.facebook.com/photo.php?fbid=10162591109195601&set=a.128267935600&type=3&theater&ifg=1,,,,
2501,image155.jpg,/Volumes/Elsa_HD2/Memes/all/Facebook/image155.jpg,Facebook,,facebook,,,,,,,,1900-01-00 00:00:00,,,image155,Don'tDrinktheCanadianCool-Aid,Don't Drink the Canadian Cool-Aid,Organic,https://www.facebook.com/photo.php?fbid=2584213638302087&set=p.2584213638302087&type=3&theater,,,,,,,,2580000000000000.0,,,Don't Drink the Canadian Cool-Aid,,,https://www.facebook.com/photo.php?fbid=2584213638302087&set=p.2584213638302087&type=3&theater,,,,
2501,1571361406252 (1).jpg,/Volumes/Elsa_HD2/Memes/all/4chan/1571361406252 (1).jpg,4chan,,,,,,,,,,,,,,,,,,,,,,,,,,,,,,,,,,,
2596,image88.jpg,/Volumes/Elsa_HD2/Memes/all/Facebook/image88.jpg,Facebook,,facebook,,,,,,,,1900-01-00 00:00:00,,,image88,Don'tDrinktheCanadianCool-Aid,Don't Drink the Canadian Cool-Aid,Organic,https://www.facebook.com/photo.php?fbid=2433534773421584&set=p.2433534773421584&type=3&theater,,,,,,,,1.02e+16,,,Don't Drink the Canadian Cool-Aid,,,https://www.facebook.com/photo.php?fbid=10156404582465079&set=p.10156404582465079&type=3&theater,,,,
2651,1571473890282 (1).jpg,/Volumes/Elsa_HD2/Memes/all/4chan/1571473890282 (1).jpg,4chan,,,,,,,,,,,,,,,,,,,,,,,,,,,,,,,,,,,
2706,1571700787889.jpg,/Volumes/Elsa_HD2/Memes/all/4chan/1571700787889.jpg,4chan,,,,,,,,,,,,,,,,,,,,,,,,,,,,,,,,,,,
2726,1535989703430 (1).jpg,/Volumes/Elsa_HD2/Memes/all/4chan/1535989703430 (1).jpg,4chan,,,,,,,,,,,,,,,,,,,,,,,,,,,,,,,,,,,
2726,1536009443976 (1).png,/Volumes/Elsa_HD2/Memes/all/4chan/1536009443976 (1).png,4chan,,,,,,,,,,,,,,,,,,,,,,,,,,,,,,,,,,,
2842,1483409324149.jpg,/Volumes/Elsa_HD2/Memes/all/4chan/1483409324149.jpg,4chan,,,,,,,,,,,,,,,,,,,,,,,,,,,,,,,,,,,
2898,1571693902702.png,/Volumes/Elsa_HD2/Memes/all/4chan/1571693902702.png,4chan,,,,,,,,,,,,,,,,,,,,,,,,,,,,,,,,,,,
2926,1571688331579.jpg,/Volumes/Elsa_HD2/Memes/all/4chan/1571688331579.jpg,4chan,,,,,,,,,,,,,,,,,,,,,,,,,,,,,,,,,,,
2930,72470157_506791199900665_4805141503036882944_n.jpg,/Volumes/Elsa_HD2/Memes/all/Facebook/72470157_506791199900665_4805141503036882944_n.jpg,Facebook,,,,,,,,,,,,,,,,,,,,,,,,,,,,,,,,,,,
2975,1571629361026 (1).jpg,/Volumes/Elsa_HD2/Memes/all/4chan/1571629361026 (1).jpg,4chan,,,,,,,,,,,,,,,,,,,,,,,,,,,,,,,,,,,
2998,1569632596122 (1).jpg,/Volumes/Elsa_HD2/Memes/all/4chan/1569632596122 (1).jpg,4chan,,,,,,,,,,,,,,,,,,,,,,,,,,,,,,,,,,,
3087,1535057713762 (1).jpg,/Volumes/Elsa_HD2/Memes/all/4chan/1535057713762 (1).jpg,4chan,,,,,,,,,,,,,,,,,,,,,,,,,,,,,,,,,,,
3087,1535066414457 (1).png,/Volumes/Elsa_HD2/Memes/all/4chan/1535066414457 (1).png,4chan,,,,,,,,,,,,,,,,,,,,,,,,,,,,,,,,,,,
3087,1571076196222 (1).jpg,/Volumes/Elsa_HD2/Memes/all/4chan/1571076196222 (1).jpg,4chan,,,,,,,,,,,,,,,,,,,,,,,,,,,,,,,,,,,
3104,tenor.gif,/Volumes/Elsa_HD2/Memes/all/Reddit/metacanada/20200628/tenor.gif,Reddit,,reddit,,,,,,,,,,,,,,,,,,,,,,,,,,,,,,,,GIF,
3104,1524050357280 (1).gif,/Volumes/Elsa_HD2/Memes/all/4chan/1524050357280 (1).gif,4chan,,,,,,,,,,,,,,,,,,,,,,,,,,,,,,,,,,,
3175,1571696130125.jpg,/Volumes/Elsa_HD2/Memes/all/4chan/1571696130125.jpg,4chan,,,,,,,,,,,,,,,,,,,,,,,,,,,,,,,,,,,
3181,1571699098654.jpg,/Volumes/Elsa_HD2/Memes/all/4chan/1571699098654.jpg,4chan,,,,,,,,,,,,,,,,,,,,,,,,,,,,,,,,,,,
3221,1505085480721 (1).jpg,/Volumes/Elsa_HD2/Memes/all/4chan/1505085480721 (1).jpg,4chan,,,,,,,,,,,,,,,,,,,,,,,,,,,,,,,,,,,
3242,1537929758541 (1).gif,/Volumes/Elsa_HD2/Memes/all/4chan/1537929758541 (1).gif,4chan,,,,,,,,,,,,,,,,,,,,,,,,,,,,,,,,,,,
3277,1571602824070 (1).jpg,/Volumes/Elsa_HD2/Memes/all/4chan/1571602824070 (1).jpg,4chan,,,,,,,,,,,,,,,,,,,,,,,,,,,,,,,,,,,
3277,1569541055121 (1).jpg,/Volumes/Elsa_HD2/Memes/all/4chan/1569541055121 (1).jpg,4chan,,,,,,,,,,,,,,,,,,,,,,,,,,,,,,,,,,,
3308,1571579167296 (1).jpg,/Volumes/Elsa_HD2/Memes/all/4chan/1571579167296 (1).jpg,4chan,,,,,,,,,,,,,,,,,,,,,,,,,,,,,,,,,,,
3312,1571719379464 (1).jpg,/Volumes/Elsa_HD2/Memes/all/4chan/1571719379464 (1).jpg,4chan,,,,,,,,,,,,,,,,,,,,,,,,,,,,,,,,,,,
3353,image5.jpg,/Volumes/Elsa_HD2/Memes/all/Facebook/image5.jpg,Facebook,,facebook,,,,,,,,1900-01-00 00:00:00,,,image5,Don'tDrinktheCanadianCool-Aid,Don't Drink the Canadian Cool-Aid,Organic,https://www.facebook.com/photo.php?fbid=2245504328910415&set=p.2245504328910415&type=3&theater,,,,,,,,2250000000000000.0,,,Don't Drink the Canadian Cool-Aid,,,https://www.facebook.com/photo.php?fbid=2245504328910415&set=p.2245504328910415&type=3&theater,,,,
3369,71189218_10219959309923250_4567578319205171200_n.jpg,/Volumes/Elsa_HD2/Memes/all/Facebook/71189218_10219959309923250_4567578319205171200_n.jpg,Facebook,,facebook,,,,,,,,1900-01-00 00:00:00,,,71189218_10219959309923250_4567578319205171200_n,LeftistMemesforNewDemocratTeens,Leftist Memes for New Democrat Teens,Organic,https://www.facebook.com/photo.php?fbid=10219959309883249&set=a.1762726558111&type=3&theater&ifg=1,,Wrong link (from original page),,,1,,,1.02e+16,,,Leftist Memes for New Democrat Teens,Wrong link (from original page),,https://www.facebook.com/photo.php?fbid=10219959309883249&set=a.1762726558111&type=3&theater&ifg=1,,,,
3371,71911048_1139702893084621_3465522554666483712_n.jpg,/Volumes/Elsa_HD2/Memes/all/Facebook/71911048_1139702893084621_3465522554666483712_n.jpg,Facebook,,facebook,,,,,,,,1900-01-00 00:00:00,,,71911048_1139702893084621_3465522554666483712_n,NationalMemeBoardofCanada,National Meme Board of Canada,Organic,https://www.facebook.com/national.meme.board/posts/999066667091652,,,,,101,,,999000000000000.0,,,National Meme Board of Canada,,,https://www.facebook.com/national.meme.board/posts/999066667091652,,,,
3371,72487446_1372745749539388_2540984303936864256_n.jpg,/Volumes/Elsa_HD2/Memes/all/Facebook/72487446_1372745749539388_2540984303936864256_n.jpg,Facebook,,facebook,,,,,,,,1900-01-00 00:00:00,,,72487446_1372745749539388_2540984303936864256_n,LeftistMemesforNewDemocratTeens,Leftist Memes for New Democrat Teens,Organic,https://www.facebook.com/contrelecanadabashing/photos/a.460091860804786/1372745746206055/?type=3&theater&ifg=1,,Wrong link (from original page),,,101,,,1370000000000000.0,,,Leftist Memes for New Democrat Teens,Wrong link (from original page),,https://www.facebook.com/contrelecanadabashing/photos/a.460091860804786/1372745746206055/?type=3&theater&ifg=1,,,,
3421,image99.jpg,/Volumes/Elsa_HD2/Memes/all/Facebook/image99.jpg,Facebook,,facebook,,,,,,,,1900-01-00 00:00:00,,,image99,Don'tDrinktheCanadianCool-Aid,Don't Drink the Canadian Cool-Aid,Organic,https://www.facebook.com/photo.php?fbid=2568646029858848&set=p.2568646029858848&type=3&theater,,,,,,,,2570000000000000.0,,,Don't Drink the Canadian Cool-Aid,,,https://www.facebook.com/photo.php?fbid=2568646029858848&set=p.2568646029858848&type=3&theater,,,,
3453,image241.jpg,/Volumes/Elsa_HD2/Memes/all/Facebook/image241.jpg,Facebook,,facebook,,,,,,,,1900-01-00 00:00:00,,,image241,Don'tDrinktheCanadianCool-Aid,Don't Drink the Canadian Cool-Aid,Organic,https://www.facebook.com/photo.php?fbid=1418741874961615&set=p.1418741874961615&type=3&theater,,,,,,,,1420000000000000.0,,,Don't Drink the Canadian Cool-Aid,,,https://www.facebook.com/photo.php?fbid=1418741874961615&set=p.1418741874961615&type=3&theater,,,,
3473,image116.jpg,/Volumes/Elsa_HD2/Memes/all/Facebook/image116.jpg,Facebook,,facebook,,,,,,,,1900-01-00 00:00:00,,,image116,Don'tDrinktheCanadianCool-Aid,Don't Drink the Canadian Cool-Aid,Organic,https://www.facebook.com/photo.php?fbid=493068764582205&set=p.493068764582205&type=3&theater,,,,,,,,493000000000000.0,,,Don't Drink the Canadian Cool-Aid,,,https://www.facebook.com/photo.php?fbid=493068764582205&set=p.493068764582205&type=3&theater,,,,
3473,1535082863512 (1).jpg,/Volumes/Elsa_HD2/Memes/all/4chan/1535082863512 (1).jpg,4chan,,,,,,,,,,,,,,,,,,,,,,,,,,,,,,,,,,,
3604,image50.jpg,/Volumes/Elsa_HD2/Memes/all/Facebook/image50.jpg,Facebook,,facebook,,,,,,,,1900-01-00 00:00:00,,,image50,Don'tDrinktheCanadianCool-Aid,Don't Drink the Canadian Cool-Aid,Organic,https://www.facebook.com/photo.php?fbid=2495684070547516&set=p.2495684070547516&type=3&theater,,,,,,,,2500000000000000.0,,,Don't Drink the Canadian Cool-Aid,,,https://www.facebook.com/photo.php?fbid=2495684070547516&set=p.2495684070547516&type=3&theater,,,,
3653,1574797428220 (1).jpg,/Volumes/Elsa_HD2/Memes/all/4chan/1574797428220 (1).jpg,4chan,,,,,,,,,,,,,,,,,,,,,,,,,,,,,,,,,,,
3683,image132.jpg,/Volumes/Elsa_HD2/Memes/all/Facebook/image132.jpg,Facebook,,facebook,,,,,,,,1900-01-00 00:00:00,,,image132,Don'tDrinktheCanadianCool-Aid,Don't Drink the Canadian Cool-Aid,Organic,https://www.facebook.com/photo.php?fbid=2578969612159823&set=p.2578969612159823&type=3&theater,,,,,,,,2580000000000000.0,,,Don't Drink the Canadian Cool-Aid,,,https://www.facebook.com/photo.php?fbid=2578969612159823&set=p.2578969612159823&type=3&theater,,,,
3689,1557079003260 (1).gif,/Volumes/Elsa_HD2/Memes/all/4chan/1557079003260 (1).gif,4chan,,,,,,,,,,,,,,,,,,,,,,,,,,,,,,,,,,,
3721,image9.jpg,/Volumes/Elsa_HD2/Memes/all/Facebook/image9.jpg,Facebook,,facebook,,,,,,,,1900-01-00 00:00:00,,,image9,Don'tDrinktheCanadianCool-Aid,Don't Drink the Canadian Cool-Aid,Organic,https://www.facebook.com/photo.php?fbid=485938698628545&set=p.485938698628545&type=3&theater,,,,,,,,486000000000000.0,,,Don't Drink the Canadian Cool-Aid,,,https://www.facebook.com/photo.php?fbid=485938698628545&set=p.485938698628545&type=3&theater,,,,
3736,1567989375130 (1).png,/Volumes/Elsa_HD2/Memes/all/4chan/1567989375130 (1).png,4chan,,,,,,,,,,,,,,,,,,,,,,,,,,,,,,,,,,,
3736,1564593047600 (1).png,/Volumes/Elsa_HD2/Memes/all/4chan/1564593047600 (1).png,4chan,,,,,,,,,,,,,,,,,,,,,,,,,,,,,,,,,,,
3808,1571605937853 (1).jpg,/Volumes/Elsa_HD2/Memes/all/4chan/1571605937853 (1).jpg,4chan,,,,,,,,,,,,,,,,,,,,,,,,,,,,,,,,,,,
3812,y8ok4zy7hvr31.png,/Volumes/Elsa_HD2/Memes/all/Reddit/onguardforthee/20200628/y8ok4zy7hvr31.png,Reddit,,reddit,,,,,,,,,,,,,,,,,,,,,,,,,,,,,,,,PNG,
3924,1556441004645 (1).jpg,/Volumes/Elsa_HD2/Memes/all/4chan/1556441004645 (1).jpg,4chan,,,,,,,,,,,,,,,,,,,,,,,,,,,,,,,,,,,
3974,image1.jpg,/Volumes/Elsa_HD2/Memes/all/Facebook/image1.jpg,Facebook,,facebook,,,,,,,,1900-01-00 00:00:00,,,image1,Don'tDrinktheCanadianCool-Aid,Don't Drink the Canadian Cool-Aid,Organic,https://www.facebook.com/photo.php?fbid=2491892447593345&set=p.2491892447593345&type=3&theater,,,,,,,,2500000000000000.0,,,Don't Drink the Canadian Cool-Aid,,,https://www.facebook.com/photo.php?fbid=2498553620260561&set=p.2498553620260561&type=3&theater,,,,
4204,1569727562780.png,/Volumes/Elsa_HD2/Memes/all/4chan/1569727562780.png,4chan,,,,,,,,,,,,,,,,,,,,,,,,,,,,,,,,,,,
4206,1467712791195.jpg,/Volumes/Elsa_HD2/Memes/all/4chan/1467712791195.jpg,4chan,,,,,,,,,,,,,,,,,,,,,,,,,,,,,,,,,,,
4207,1571710993244.jpg,/Volumes/Elsa_HD2/Memes/all/4chan/1571710993244.jpg,4chan,,,,,,,,,,,,,,,,,,,,,,,,,,,,,,,,,,,
4208,1569550165935 (1).jpg,/Volumes/Elsa_HD2/Memes/all/4chan/1569550165935 (1).jpg,4chan,,,,,,,,,,,,,,,,,,,,,,,,,,,,,,,,,,,
4261,1571702515289.jpg,/Volumes/Elsa_HD2/Memes/all/4chan/1571702515289.jpg,4chan,,,,,,,,,,,,,,,,,,,,,,,,,,,,,,,,,,,
4284,1571688887644.jpg,/Volumes/Elsa_HD2/Memes/all/4chan/1571688887644.jpg,4chan,,,,,,,,,,,,,,,,,,,,,,,,,,,,,,,,,,,
4319,1486013455172 (1).jpg,/Volumes/Elsa_HD2/Memes/all/4chan/1486013455172 (1).jpg,4chan,,,,,,,,,,,,,,,,,,,,,,,,,,,,,,,,,,,
4654,1571278018072 (1).jpg,/Volumes/Elsa_HD2/Memes/all/4chan/1571278018072 (1).jpg,4chan,,,,,,,,,,,,,,,,,,,,,,,,,,,,,,,,,,,
4764,image40.jpg,/Volumes/Elsa_HD2/Memes/all/Facebook/image40.jpg,Facebook,,facebook,,,,,,,,1900-01-00 00:00:00,,,image40,Don'tDrinktheCanadianCool-Aid,Don't Drink the Canadian Cool-Aid,Organic,https://www.facebook.com/photo.php?fbid=2490225237760066&set=p.2490225237760066&type=3,,,,,,,,2490000000000000.0,,,Don't Drink the Canadian Cool-Aid,,,https://www.facebook.com/photo.php?fbid=2490225237760066&set=p.2490225237760066&type=3,,,,
4782,1569202544206 (1).jpg,/Volumes/Elsa_HD2/Memes/all/4chan/1569202544206 (1).jpg,4chan,,,,,,,,,,,,,,,,,,,,,,,,,,,,,,,,,,,
4786,1571019805820.jpg,/Volumes/Elsa_HD2/Memes/all/4chan/1571019805820.jpg,4chan,,,,,,,,,,,,,,,,,,,,,,,,,,,,,,,,,,,
4899,1571698444759 (1).jpg,/Volumes/Elsa_HD2/Memes/all/4chan/1571698444759 (1).jpg,4chan,,,,,,,,,,,,,,,,,,,,,,,,,,,,,,,,,,,
5040,1571679388251.gif,/Volumes/Elsa_HD2/Memes/all/4chan/1571679388251.gif,4chan,,,,,,,,,,,,,,,,,,,,,,,,,,,,,,,,,,,
5069,image3.jpg,/Volumes/Elsa_HD2/Memes/all/Facebook/image3.jpg,Facebook,,facebook,,,,,,,,1900-01-00 00:00:00,,,image3,Don'tDrinktheCanadianCool-Aid,Don't Drink the Canadian Cool-Aid,Organic,https://www.facebook.com/photo.php?fbid=10220633489484350&set=p.10220633489484350&type=3&theater,,,,,,,,1.02e+16,,,Don't Drink the Canadian Cool-Aid,,,https://www.facebook.com/photo.php?fbid=10220633489484350&set=p.10220633489484350&type=3&theater,,,,
5072,1571445562519 (1).jpg,/Volumes/Elsa_HD2/Memes/all/4chan/1571445562519 (1).jpg,4chan,,,,,,,,,,,,,,,,,,,,,,,,,,,,,,,,,,,
5213,71538836_2544116469029213_2667998547147751424_n.jpg,/Volumes/Elsa_HD2/Memes/all/Facebook/71538836_2544116469029213_2667998547147751424_n.jpg,Facebook,,facebook,,,,,,,,,,,71538836_2544116469029213_2667998547147751424_n,OccupyCanada,Occupy Canada,Organic,https://www.facebook.com/Angella4OWN/photos/a.1517874941653376/2544116462362547/?type=3&theater,,,,,105,,,2540000000000000.0,,,Occupy Canada,,,https://www.facebook.com/Angella4OWN/photos/a.1517874941653376/2544116462362547/?type=3&theater,,,,
5273,71252196_2807968555903538_3333969076484571136_n.jpg,/Volumes/Elsa_HD2/Memes/all/Facebook/71252196_2807968555903538_3333969076484571136_n.jpg,Facebook,,,,,,,,,,,,,,,,,,,,,,,,,,,,,,,,,,,
5374,71107895_10157675971306291_8985414523485683712_n.jpg,/Volumes/Elsa_HD2/Memes/all/Facebook/71107895_10157675971306291_8985414523485683712_n.jpg,Facebook,,facebook,,,,,,,,1900-01-00 00:00:00,,,71107895_10157675971306291_8985414523485683712_n,LeftistMemesforNewDemocratTeens,Leftist Memes for New Democrat Teens,Organic,https://www.facebook.com/photo.php?fbid=10157675971296291&set=a.160431281290&type=3&theater&ifg=1,,Wrong link (from original page),,,101,,,1.02e+16,,,Leftist Memes for New Democrat Teens,Wrong link (from original page),,https://www.facebook.com/photo.php?fbid=10157675971296291&set=a.160431281290&type=3&theater&ifg=1,,,,
5428,1571205583861 (1).jpg,/Volumes/Elsa_HD2/Memes/all/4chan/1571205583861 (1).jpg,4chan,,,,,,,,,,,,,,,,,,,,,,,,,,,,,,,,,,,
5462,1570412431187 (1).jpg,/Volumes/Elsa_HD2/Memes/all/4chan/1570412431187 (1).jpg,4chan,,,,,,,,,,,,,,,,,,,,,,,,,,,,,,,,,,,
5470,1516991274268 (1).jpg,/Volumes/Elsa_HD2/Memes/all/4chan/1516991274268 (1).jpg,4chan,,,,,,,,,,,,,,,,,,,,,,,,,,,,,,,,,,,
5550,image55.jpg,/Volumes/Elsa_HD2/Memes/all/Facebook/image55.jpg,Facebook,,facebook,,,,,,,,1900-01-00 00:00:00,,,image55,Don'tDrinktheCanadianCool-Aid,Don't Drink the Canadian Cool-Aid,Organic,https://www.facebook.com/photo.php?fbid=2252453838215464&set=p.2252453838215464&type=3&theater,,,,,,,,2250000000000000.0,,,Don't Drink the Canadian Cool-Aid,,,https://www.facebook.com/photo.php?fbid=2252453838215464&set=p.2252453838215464&type=3&theater,,,,
5619,1442475575031.gif,/Volumes/Elsa_HD2/Memes/all/4chan/1442475575031.gif,4chan,,,,,,,,,,,,,,,,,,,,,,,,,,,,,,,,,,,
5669,1559529726519 (1).jpg,/Volumes/Elsa_HD2/Memes/all/4chan/1559529726519 (1).jpg,4chan,,,,,,,,,,,,,,,,,,,,,,,,,,,,,,,,,,,
5674,1574234561958.jpg,/Volumes/Elsa_HD2/Memes/all/4chan/1574234561958.jpg,4chan,,,,,,,,,,,,,,,,,,,,,,,,,,,,,,,,,,,
5693,1573797397194 (1).jpg,/Volumes/Elsa_HD2/Memes/all/4chan/1573797397194 (1).jpg,4chan,,,,,,,,,,,,,,,,,,,,,,,,,,,,,,,,,,,
5719,image22.jpg,/Volumes/Elsa_HD2/Memes/all/Facebook/image22.jpg,Facebook,,facebook,,,,,,,,1900-01-00 00:00:00,,,image22,Don'tDrinktheCanadianCool-Aid,Don't Drink the Canadian Cool-Aid,Organic,https://www.facebook.com/photo.php?fbid=1952360218200637&set=p.1952360218200637&type=3&theater,,,,,,,,1950000000000000.0,,,Don't Drink the Canadian Cool-Aid,,,https://www.facebook.com/photo.php?fbid=1952360218200637&set=p.1952360218200637&type=3&theater,,,,
5780,qixw9q98ofs31.png,/Volumes/Elsa_HD2/Memes/all/Reddit/canada/20200628/qixw9q98ofs31.png,Reddit,,reddit,,,,,,,,,,,,,,,,,,,,,,,,,,,,,,,,PNG,
5780,qixw9q98ofs31.png,/Volumes/Elsa_HD2/Memes/all/Reddit/canadapoliticshumour/20200628/qixw9q98ofs31.png,Reddit,,reddit,,,,,,,,,,,,,,,,,,,,,,,,,,,,,,,,PNG,
5815,1387562211580 (1).gif,/Volumes/Elsa_HD2/Memes/all/4chan/1387562211580 (1).gif,4chan,,,,,,,,,,,,,,,,,,,,,,,,,,,,,,,,,,,
5881,1570264201525 (1).jpg,/Volumes/Elsa_HD2/Memes/all/4chan/1570264201525 (1).jpg,4chan,,,,,,,,,,,,,,,,,,,,,,,,,,,,,,,,,,,
5945,72787897_2565853603495396_202341320973352960_n.jpg,/Volumes/Elsa_HD2/Memes/all/Facebook/72787897_2565853603495396_202341320973352960_n.jpg,Facebook,,facebook,,,,,,,,1900-01-00 00:00:00,,,72787897_2565853603495396_202341320973352960_n,OldStockCanadian,Old Stock Canadian,Organic,https://www.facebook.com/OldStockCDN/photos/a.1037134499700655/2565853600162063/?type=3&theater,,,,,100,,,2570000000000000.0,,,Old Stock Canadian,,,https://www.facebook.com/OldStockCDN/photos/a.1037134499700655/2565853600162063/?type=3&theater,,,,
6011,image219.jpg,/Volumes/Elsa_HD2/Memes/all/Facebook/image219.jpg,Facebook,,facebook,,,,,,,,1900-01-00 00:00:00,,,image219,Don'tDrinktheCanadianCool-Aid,Don't Drink the Canadian Cool-Aid,Organic,https://www.facebook.com/photo.php?fbid=2357172847711147&set=p.2357172847711147&type=3&theater,,,,,,,,2360000000000000.0,,,Don't Drink the Canadian Cool-Aid,,,https://www.facebook.com/photo.php?fbid=2357172847711147&set=p.2357172847711147&type=3&theater,,,,
6117,1564351894147 (1).jpg,/Volumes/Elsa_HD2/Memes/all/4chan/1564351894147 (1).jpg,4chan,,,,,,,,,,,,,,,,,,,,,,,,,,,,,,,,,,,
6117,1571693131073.png,/Volumes/Elsa_HD2/Memes/all/4chan/1571693131073.png,4chan,,,,,,,,,,,,,,,,,,,,,,,,,,,,,,,,,,,
6153,image147.jpg,/Volumes/Elsa_HD2/Memes/all/Facebook/image147.jpg,Facebook,,facebook,,,,,,,,1900-01-00 00:00:00,,,image147,Don'tDrinktheCanadianCool-Aid,Don't Drink the Canadian Cool-Aid,Organic,https://www.facebook.com/photo.php?fbid=10219265375092548&set=p.10219265375092548&type=3&theater,,,,,,,,1.02e+16,,,Don't Drink the Canadian Cool-Aid,,,https://www.facebook.com/photo.php?fbid=10219265375092548&set=p.10219265375092548&type=3&theater,,,,
6167,71662389_686812095164426_7211205173216018432_n.jpg,/Volumes/Elsa_HD2/Memes/all/Facebook/71662389_686812095164426_7211205173216018432_n.jpg,Facebook,,,,,,,,,,,,,,,,,,,,,,,,,,,,,,,,,,,
6255,image41.jpg,/Volumes/Elsa_HD2/Memes/all/Facebook/image41.jpg,Facebook,,facebook,,,,,,,,1900-01-00 00:00:00,,,image41,Don'tDrinktheCanadianCool-Aid,Don't Drink the Canadian Cool-Aid,Organic,https://www.facebook.com/photo.php?fbid=10157809722193000&set=p.10157809722193000&type=3&theater,,,,,,,,1.02e+16,,,Don't Drink the Canadian Cool-Aid,,,https://www.facebook.com/photo.php?fbid=10157809722193000&set=p.10157809722193000&type=3&theater,,,,
6317,1571701403959.png,/Volumes/Elsa_HD2/Memes/all/4chan/1571701403959.png,4chan,,,,,,,,,,,,,,,,,,,,,,,,,,,,,,,,,,,
6365,39nftd.jpg,/Volumes/Elsa_HD2/Memes/all/Reddit/onguardforthee/20200628/39nftd.jpg,Reddit,,reddit,,,,,,,,,,,,,,,,,,,,,,,,,,,,,,,,JPEG,
6369,1519775084904 (1).png,/Volumes/Elsa_HD2/Memes/all/4chan/1519775084904 (1).png,4chan,,,,,,,,,,,,,,,,,,,,,,,,,,,,,,,,,,,
6369,1491449449467 (1).jpg,/Volumes/Elsa_HD2/Memes/all/4chan/1491449449467 (1).jpg,4chan,,,,,,,,,,,,,,,,,,,,,,,,,,,,,,,,,,,
6386,1477091728545 (1).gif,/Volumes/Elsa_HD2/Memes/all/4chan/1477091728545 (1).gif,4chan,,,,,,,,,,,,,,,,,,,,,,,,,,,,,,,,,,,
6406,image115.jpg,/Volumes/Elsa_HD2/Memes/all/Facebook/image115.jpg,Facebook,,facebook,,,,,,,,1900-01-00 00:00:00,,,image115,Don'tDrinktheCanadianCool-Aid,Don't Drink the Canadian Cool-Aid,Organic,http://facebook.com/photo.php?fbid=493068811248867&set=p.493068811248867&type=3&theater,,,,,,,,,,,Don't Drink the Canadian Cool-Aid,,,http://facebook.com/photo.php?fbid=493068811248867&set=p.493068811248867&type=3&theater,,,,
6418,1571702511824.png,/Volumes/Elsa_HD2/Memes/all/4chan/1571702511824.png,4chan,,,,,,,,,,,,,,,,,,,,,,,,,,,,,,,,,,,
6442,1523244312068 (1).jpg,/Volumes/Elsa_HD2/Memes/all/4chan/1523244312068 (1).jpg,4chan,,,,,,,,,,,,,,,,,,,,,,,,,,,,,,,,,,,
6458,1571621091916 (1).jpg,/Volumes/Elsa_HD2/Memes/all/4chan/1571621091916 (1).jpg,4chan,,,,,,,,,,,,,,,,,,,,,,,,,,,,,,,,,,,
6562,1571695583578.png,/Volumes/Elsa_HD2/Memes/all/4chan/1571695583578.png,4chan,,,,,,,,,,,,,,,,,,,,,,,,,,,,,,,,,,,
6739,image201.gif,/Volumes/Elsa_HD2/Memes/all/Facebook/image201.gif,Facebook,,,,,,,,,,1900-01-00 00:00:00,,,image201,,Don't Drink the Canadian Cool-Aid,,https://media1.tenor.co/images/dbadb26f58b846dc83eabc7478c82b24/tenor.gif?itemid=5418600&fbclid=IwAR00NoL9bSOJhMdoAfVWGLesITTxnlrmxlDXTghKqAU8TU4MKCr7K9BLMpg,,,,,,,,,,,Don't Drink the Canadian Cool-Aid,,,https://media1.tenor.co/images/dbadb26f58b846dc83eabc7478c82b24/tenor.gif?itemid=5418600&fbclid=IwAR00NoL9bSOJhMdoAfVWGLesITTxnlrmxlDXTghKqAU8TU4MKCr7K9BLMpg,,,,
6876,1571628481592 (1).jpg,/Volumes/Elsa_HD2/Memes/all/4chan/1571628481592 (1).jpg,4chan,,,,,,,,,,,,,,,,,,,,,,,,,,,,,,,,,,,
6878,1552589483654 (1).gif,/Volumes/Elsa_HD2/Memes/all/4chan/1552589483654 (1).gif,4chan,,,,,,,,,,,,,,,,,,,,,,,,,,,,,,,,,,,
6957,1529707015664 (1).jpg,/Volumes/Elsa_HD2/Memes/all/4chan/1529707015664 (1).jpg,4chan,,,,,,,,,,,,,,,,,,,,,,,,,,,,,,,,,,,
7040,71819289_10156727873961247_2782011211389075456_n.png,/Volumes/Elsa_HD2/Memes/all/Facebook/71819289_10156727873961247_2782011211389075456_n.png,Facebook,,facebook,,,,,,,,,,,71819289_10156727873961247_2782011211389075456_n,OccupyCanada,Occupy Canada,Organic,https://www.facebook.com/FairVoteCanada/photos/a.148758806246/10156727873956247/?type=3&theater,,,,,83;84,,,1.02e+16,,,Occupy Canada,,,https://www.facebook.com/FairVoteCanada/photos/a.148758806246/10156727873956247/?type=3&theater,,,,
7143,image49.jpg,/Volumes/Elsa_HD2/Memes/all/Facebook/image49.jpg,Facebook,,facebook,,,,,,,,1900-01-00 00:00:00,,,image49,Don'tDrinktheCanadianCool-Aid,Don't Drink the Canadian Cool-Aid,Organic,https://www.facebook.com/photo.php?fbid=2564707253586059&set=p.2564707253586059&type=3&theater,,,,,,,,2560000000000000.0,,,Don't Drink the Canadian Cool-Aid,,,https://www.facebook.com/photo.php?fbid=2564707253586059&set=p.2564707253586059&type=3&theater,,,,
7143,1513147622302 (1).jpg,/Volumes/Elsa_HD2/Memes/all/4chan/1513147622302 (1).jpg,4chan,,,,,,,,,,,,,,,,,,,,,,,,,,,,,,,,,,,
7504,1533593967682 (1).jpg,/Volumes/Elsa_HD2/Memes/all/4chan/1533593967682 (1).jpg,4chan,,,,,,,,,,,,,,,,,,,,,,,,,,,,,,,,,,,
7819,1540498593730 (1).jpg,/Volumes/Elsa_HD2/Memes/all/4chan/1540498593730 (1).jpg,4chan,,,,,,,,,,,,,,,,,,,,,,,,,,,,,,,,,,,
7876,73304982_2521917128086382_4167905507501146112_n.jpg,/Volumes/Elsa_HD2/Memes/all/Facebook/73304982_2521917128086382_4167905507501146112_n.jpg,Facebook,,,,,,,,,,,,,,,,,,,,,,,,,,,,,,,,,,,
7991,1571693361252.png,/Volumes/Elsa_HD2/Memes/all/4chan/1571693361252.png,4chan,,,,,,,,,,,,,,,,,,,,,,,,,,,,,,,,,,,
7992,image24.jpg,/Volumes/Elsa_HD2/Memes/all/Facebook/image24.jpg,Facebook,,facebook,,,,,,,,1900-01-00 00:00:00,,,image24,Don'tDrinktheCanadianCool-Aid,Don't Drink the Canadian Cool-Aid,Organic,https://www.facebook.com/photo.php?fbid=2385397688176805&set=p.2385397688176805&type=3&theater,,,,,,,,2390000000000000.0,,,Don't Drink the Canadian Cool-Aid,,,https://www.facebook.com/photo.php?fbid=2385397688176805&set=p.2385397688176805&type=3&theater,,,,
7997,1501292794150 (1).jpg,/Volumes/Elsa_HD2/Memes/all/4chan/1501292794150 (1).jpg,4chan,,,,,,,,,,,,,,,,,,,,,,,,,,,,,,,,,,,
8079,canada-2019-ranking-results.gif,/Volumes/Elsa_HD2/Memes/all/Reddit/canada/20200628/canada-2019-ranking-results.gif,Reddit,,reddit,,,,,,,,,,,,,,,,,,,,,,,,,,,,,,,,GIF,
8232,1571383970654 (1).jpg,/Volumes/Elsa_HD2/Memes/all/4chan/1571383970654 (1).jpg,4chan,,,,,,,,,,,,,,,,,,,,,,,,,,,,,,,,,,,
8262,1433530318140.gif,/Volumes/Elsa_HD2/Memes/all/4chan/1433530318140.gif,4chan,,,,,,,,,,,,,,,,,,,,,,,,,,,,,,,,,,,
8269,1417835232467 (1).gif,/Volumes/Elsa_HD2/Memes/all/4chan/1417835232467 (1).gif,4chan,,,,,,,,,,,,,,,,,,,,,,,,,,,,,,,,,,,
8353,1559307869062 (1).jpg,/Volumes/Elsa_HD2/Memes/all/4chan/1559307869062 (1).jpg,4chan,,,,,,,,,,,,,,,,,,,,,,,,,,,,,,,,,,,
8356,1572895447637 (1).jpg,/Volumes/Elsa_HD2/Memes/all/4chan/1572895447637 (1).jpg,4chan,,,,,,,,,,,,,,,,,,,,,,,,,,,,,,,,,,,
8410,71763662_10157420967010729_1446783033855180800_n.jpg,/Volumes/Elsa_HD2/Memes/all/Facebook/71763662_10157420967010729_1446783033855180800_n.jpg,Facebook,,facebook,,,,,,,,1900-01-00 00:00:00,,,71763662_10157420967010729_1446783033855180800_n,NationalMemeBoardofCanada,National Meme Board of Canada,Organic,https://www.facebook.com/national.meme.board/posts/1009058956092423?__tn__=-R,,,,,101,,,1010000000000000.0,,,National Meme Board of Canada,,,https://www.facebook.com/national.meme.board/posts/1009058956092423?__tn__=-R,,,,
8491,1568269432403 (1).jpg,/Volumes/Elsa_HD2/Memes/all/4chan/1568269432403 (1).jpg,4chan,,,,,,,,,,,,,,,,,,,,,,,,,,,,,,,,,,,
8514,1553618159451 (1).gif,/Volumes/Elsa_HD2/Memes/all/4chan/1553618159451 (1).gif,4chan,,,,,,,,,,,,,,,,,,,,,,,,,,,,,,,,,,,
