cluster,source,target,s,weight
27,4chan,Reddit,1,0.04
27,twitter,4chan,1,0.01
61,Facebook,twitter,1,0.02
61,twitter,Facebook,1,0.01
103,twitter,Facebook,1,0.01
116,Reddit,Facebook,1,0.01
116,twitter,Reddit,1,0.01
163,twitter,Facebook,1,0.01
201,twitter,Reddit,1,0.01
258,twitter,Facebook,1,0.01
319,Facebook,Reddit,1,0.02
321,twitter,Facebook,1,0.01
359,Facebook,twitter,1,0.02
367,twitter,Reddit,1,0.01
415,Reddit,4chan,1,0.01
415,twitter,Reddit,1,0.01
428,Facebook,twitter,1,0.02
428,twitter,Facebook,1,0.01
428,twitter,4chan,1,0.01
513,twitter,Facebook,1,0.01
648,Reddit,twitter,1,0.01
648,Reddit,4chan,1,0.01
648,twitter,Reddit,1,0.01
674,twitter,Facebook,1,0.01
737,Facebook,twitter,1,0.02
737,twitter,Reddit,1,0.01
774,twitter,Reddit,1,0.01
805,twitter,4chan,1,0.01
824,twitter,4chan,1,0.01
828,Facebook,twitter,1,0.02
828,twitter,Facebook,1,0.01
828,twitter,Reddit,1,0.01
856,Facebook,twitter,1,0.02
900,4chan,twitter,1,0.04
918,4chan,twitter,1,0.04
918,Reddit,twitter,1,0.01
918,twitter,Reddit,1,0.01
918,twitter,4chan,1,0.01
918,twitter,Reddit,1,0.01
934,twitter,Facebook,1,0.01
938,twitter,4chan,1,0.01
947,Facebook,Reddit,1,0.02
996,twitter,Facebook,1,0.01
1000,Facebook,twitter,1,0.02
1000,twitter,Facebook,1,0.01
1034,Facebook,twitter,1,0.02
1034,Reddit,Facebook,1,0.01
1034,twitter,Reddit,1,0.01
1049,4chan,twitter,1,0.04
1070,twitter,Facebook,1,0.01
1073,Reddit,twitter,1,0.01
1126,4chan,twitter,1,0.04
1149,twitter,4chan,1,0.01
1217,twitter,Reddit,1,0.01
1220,Facebook,twitter,1,0.02
1220,twitter,Facebook,1,0.01
1238,Facebook,Reddit,1,0.02
1238,Reddit,Facebook,1,0.01
1238,twitter,Facebook,1,0.01
1320,Facebook,twitter,1,0.02
1320,Facebook,twitter,1,0.02
1320,Reddit,twitter,1,0.01
1320,twitter,Reddit,1,0.01
1320,twitter,Facebook,1,0.01
1320,twitter,Facebook,1,0.01
1329,twitter,Facebook,1,0.01
1352,Reddit,twitter,1,0.01
1380,twitter,Facebook,1,0.01
1396,Facebook,Reddit,1,0.02
1396,Reddit,Facebook,1,0.01
1396,twitter,Reddit,1,0.01
1417,twitter,Reddit,1,0.01
1425,twitter,4chan,1,0.01
1479,twitter,Facebook,1,0.01
1501,Facebook,twitter,1,0.02
1511,twitter,Facebook,1,0.01
1523,Reddit,twitter,1,0.01
1523,Reddit,twitter,1,0.01
1523,twitter,Reddit,1,0.01
1523,twitter,4chan,1,0.01
1552,twitter,Facebook,1,0.01
1562,Reddit,Facebook,1,0.01
1577,Facebook,Reddit,1,0.02
1577,Reddit,twitter,1,0.01
1577,Reddit,twitter,1,0.01
1577,twitter,Reddit,1,0.01
1577,twitter,Facebook,1,0.01
1607,Facebook,Reddit,1,0.02
1694,Facebook,twitter,1,0.02
1710,twitter,Facebook,1,0.01
1730,twitter,Reddit,1,0.01
1770,Reddit,Facebook,1,0.01
1770,twitter,Reddit,1,0.01
1817,4chan,Facebook,1,0.04
1823,Facebook,twitter,1,0.02
1823,twitter,Facebook,1,0.01
1837,Facebook,twitter,1,0.02
1837,Reddit,Facebook,1,0.01
1837,twitter,Reddit,1,0.01
1867,twitter,Reddit,1,0.01
1910,Facebook,twitter,1,0.02
1969,twitter,Reddit,1,0.01
1982,Reddit,twitter,1,0.01
1982,twitter,4chan,1,0.01
1986,twitter,Facebook,1,0.01
2050,twitter,4chan,1,0.01
2057,4chan,twitter,1,0.04
2057,twitter,Reddit,1,0.01
2059,Reddit,twitter,1,0.01
2059,twitter,Reddit,1,0.01
2061,Facebook,twitter,1,0.02
2096,Reddit,Facebook,1,0.01
2115,4chan,twitter,1,0.04
2115,twitter,4chan,1,0.01
2144,twitter,Facebook,1,0.01
2216,twitter,Facebook,1,0.01
2228,twitter,4chan,1,0.01
2258,Facebook,twitter,1,0.02
2258,twitter,Facebook,1,0.01
2271,twitter,4chan,1,0.01
2338,Facebook,Reddit,1,0.02
2338,twitter,Facebook,1,0.01
2346,Reddit,Facebook,1,0.01
2372,twitter,4chan,1,0.01
2411,Reddit,twitter,1,0.01
2411,twitter,Reddit,1,0.01
2416,twitter,4chan,1,0.01
2419,Reddit,twitter,1,0.01
2419,twitter,Reddit,1,0.01
2439,Facebook,twitter,1,0.02
2453,Reddit,twitter,1,0.01
2453,twitter,Reddit,1,0.01
2472,Facebook,twitter,1,0.02
2586,twitter,Facebook,1,0.01
2596,Facebook,Reddit,1,0.02
2706,twitter,Facebook,1,0.01
2725,Facebook,Reddit,1,0.02
2725,Reddit,Facebook,1,0.01
2730,twitter,4chan,1,0.01
2863,4chan,Reddit,1,0.04
2924,twitter,Facebook,1,0.01
3032,Reddit,twitter,1,0.01
3032,Reddit,twitter,1,0.01
3032,Reddit,4chan,1,0.01
3032,twitter,Reddit,1,0.01
3032,twitter,Reddit,1,0.01
3035,twitter,4chan,1,0.01
3145,twitter,Facebook,1,0.01
3168,Facebook,twitter,1,0.02
3184,Reddit,twitter,1,0.01
3184,Reddit,twitter,1,0.01
3184,twitter,Reddit,1,0.01
3199,Reddit,twitter,1,0.01
3199,twitter,Reddit,1,0.01
3208,twitter,4chan,1,0.01
3234,Reddit,4chan,1,0.01
3235,twitter,Facebook,1,0.01
3238,Reddit,twitter,1,0.01
3238,twitter,Reddit,1,0.01
3278,twitter,Reddit,1,0.01
3353,Facebook,twitter,1,0.02
3353,twitter,Reddit,1,0.01
3368,Reddit,twitter,1,0.01
3368,twitter,Reddit,1,0.01
3369,Reddit,Facebook,1,0.01
3371,Reddit,twitter,1,0.01
3371,twitter,Facebook,1,0.01
3392,twitter,Reddit,1,0.01
3397,twitter,4chan,1,0.01
3421,twitter,Facebook,1,0.01
3453,twitter,Facebook,1,0.01
3464,Reddit,twitter,1,0.01
3464,twitter,Reddit,1,0.01
3473,4chan,Facebook,1,0.04
3502,twitter,Facebook,1,0.01
3604,twitter,Facebook,1,0.01
3606,Reddit,Facebook,1,0.01
3618,twitter,4chan,1,0.01
3640,Reddit,Facebook,1,0.01
3683,twitter,Facebook,1,0.01
3716,twitter,Reddit,1,0.01
3721,4chan,Facebook,1,0.04
3743,twitter,4chan,1,0.01
3757,Reddit,twitter,1,0.01
3760,twitter,Facebook,1,0.01
3812,Facebook,Reddit,1,0.02
3862,Reddit,4chan,1,0.01
3894,twitter,Reddit,1,0.01
3900,Reddit,Facebook,1,0.01
3905,twitter,4chan,1,0.01
3925,twitter,Facebook,1,0.01
3932,twitter,Facebook,1,0.01
3973,Reddit,4chan,1,0.01
3974,Facebook,Reddit,1,0.02
4022,twitter,Facebook,1,0.01
4044,twitter,Reddit,1,0.01
4048,twitter,Facebook,1,0.01
4098,twitter,Facebook,1,0.01
4165,Facebook,twitter,1,0.02
4169,twitter,Facebook,1,0.01
4170,Reddit,4chan,1,0.01
4178,Reddit,4chan,1,0.01
4208,twitter,Reddit,1,0.01
4226,Facebook,twitter,1,0.02
4327,twitter,Facebook,1,0.01
4329,Facebook,Reddit,1,0.02
4329,twitter,Facebook,1,0.01
4410,Facebook,twitter,1,0.02
4410,twitter,Reddit,1,0.01
4419,twitter,Facebook,1,0.01
4424,Reddit,Facebook,1,0.01
4429,twitter,Reddit,1,0.01
4445,Reddit,Facebook,1,0.01
4490,Facebook,Reddit,1,0.02
4522,twitter,Facebook,1,0.01
4549,twitter,Reddit,1,0.01
4565,twitter,Facebook,1,0.01
4634,4chan,twitter,1,0.04
4653,4chan,twitter,1,0.04
4653,twitter,4chan,1,0.01
4752,Reddit,Facebook,1,0.01
4752,twitter,Reddit,1,0.01
4753,twitter,Facebook,1,0.01
4764,Facebook,twitter,1,0.02
4772,Reddit,twitter,1,0.01
4772,Reddit,twitter,1,0.01
4772,twitter,Reddit,1,0.01
4772,twitter,Reddit,1,0.01
4777,Facebook,Reddit,1,0.02
4800,twitter,Facebook,1,0.01
4812,4chan,twitter,1,0.04
4820,Facebook,Reddit,1,0.02
4820,twitter,Facebook,1,0.01
4839,twitter,Facebook,1,0.01
4869,twitter,4chan,1,0.01
4924,Facebook,twitter,1,0.02
4924,Reddit,Facebook,1,0.01
4924,twitter,Reddit,1,0.01
4926,twitter,Reddit,1,0.01
4953,twitter,Facebook,1,0.01
5004,twitter,Reddit,1,0.01
5017,Facebook,4chan,1,0.02
5069,Facebook,Reddit,1,0.02
5072,Reddit,twitter,1,0.01
5072,twitter,4chan,1,0.01
5138,Facebook,twitter,1,0.02
5138,twitter,Reddit,1,0.01
5160,twitter,4chan,1,0.01
5184,twitter,Reddit,1,0.01
5187,4chan,twitter,1,0.04
5234,twitter,4chan,1,0.01
5267,twitter,4chan,1,0.01
5271,Reddit,twitter,1,0.01
5275,twitter,Facebook,1,0.01
5343,twitter,Facebook,1,0.01
5355,Facebook,twitter,1,0.02
5374,Facebook,twitter,1,0.02
5386,Reddit,Facebook,1,0.01
5397,twitter,Reddit,1,0.01
5405,Reddit,4chan,1,0.01
5443,twitter,Facebook,1,0.01
5453,Facebook,twitter,1,0.02
5475,twitter,4chan,1,0.01
5493,twitter,Facebook,1,0.01
5503,twitter,4chan,1,0.01
5509,4chan,twitter,1,0.04
5509,twitter,4chan,1,0.01
5550,Facebook,twitter,1,0.02
5560,Reddit,twitter,1,0.01
5560,twitter,Reddit,1,0.01
5561,Reddit,twitter,1,0.01
5566,twitter,Reddit,1,0.01
5573,twitter,Facebook,1,0.01
5651,Facebook,twitter,1,0.02
5651,twitter,Facebook,1,0.01
5666,Facebook,Reddit,1,0.02
5719,4chan,Facebook,1,0.04
5739,4chan,twitter,1,0.04
5780,Facebook,twitter,1,0.02
5780,Reddit,Facebook,1,0.01
5870,Reddit,twitter,1,0.01
5904,Facebook,twitter,1,0.02
5945,twitter,Facebook,1,0.01
5949,Facebook,Reddit,1,0.02
5960,Reddit,Facebook,1,0.01
5970,Reddit,Facebook,1,0.01
5979,twitter,4chan,1,0.01
6011,4chan,Facebook,1,0.04
6014,twitter,Facebook,1,0.01
6035,Reddit,twitter,1,0.01
6116,twitter,Reddit,1,0.01
6125,Facebook,Reddit,1,0.02
6153,twitter,Facebook,1,0.01
6170,twitter,4chan,1,0.01
6231,twitter,4chan,1,0.01
6232,twitter,Facebook,1,0.01
6234,Reddit,Facebook,1,0.01
6251,Reddit,twitter,1,0.01
6254,Reddit,Facebook,1,0.01
6255,Facebook,twitter,1,0.02
6350,Reddit,Facebook,1,0.01
6354,twitter,4chan,1,0.01
6386,4chan,twitter,1,0.04
6392,twitter,4chan,1,0.01
6403,4chan,Reddit,1,0.04
6406,Facebook,4chan,1,0.02
6437,twitter,Reddit,1,0.01
6491,Facebook,Reddit,1,0.02
6498,Reddit,4chan,1,0.01
6498,twitter,Reddit,1,0.01
6522,twitter,Facebook,1,0.01
6528,Reddit,Facebook,1,0.01
6528,twitter,Reddit,1,0.01
6541,Reddit,twitter,1,0.01
6616,twitter,4chan,1,0.01
6621,Reddit,twitter,1,0.01
6710,Reddit,twitter,1,0.01
6710,twitter,Reddit,1,0.01
6724,twitter,4chan,1,0.01
6801,twitter,4chan,1,0.01
6814,Facebook,4chan,1,0.02
6818,twitter,Facebook,1,0.01
6939,Reddit,Facebook,1,0.01
6996,Facebook,Reddit,1,0.02
7035,4chan,Reddit,1,0.04
7148,twitter,Reddit,1,0.01
7153,4chan,twitter,1,0.04
7168,Facebook,Reddit,1,0.02
7174,twitter,Reddit,1,0.01
7192,Facebook,Reddit,1,0.02
7254,twitter,Facebook,1,0.01
7256,4chan,twitter,1,0.04
7332,Reddit,Facebook,1,0.01
7374,twitter,Reddit,1,0.01
7409,twitter,4chan,1,0.01
7445,twitter,4chan,1,0.01
7488,twitter,4chan,1,0.01
7521,twitter,Facebook,1,0.01
7678,Reddit,Facebook,1,0.01
7697,twitter,4chan,1,0.01
7850,twitter,Reddit,1,0.01
7876,twitter,Facebook,1,0.01
7882,twitter,Facebook,1,0.01
7902,4chan,Reddit,1,0.04
7928,Reddit,4chan,1,0.01
7929,twitter,Reddit,1,0.01
7951,twitter,4chan,1,0.01
7992,Facebook,Reddit,1,0.02
8026,Reddit,Facebook,1,0.01
8054,twitter,4chan,1,0.01
8095,twitter,Facebook,1,0.01
8100,twitter,4chan,1,0.01
8149,twitter,Facebook,1,0.01
8164,twitter,Reddit,1,0.01
8173,4chan,Reddit,1,0.04
8177,twitter,Facebook,1,0.01
8181,twitter,4chan,1,0.01
8256,twitter,Reddit,1,0.01
8264,Reddit,4chan,1,0.01
8267,twitter,Facebook,1,0.01
8335,twitter,Reddit,1,0.01
8394,Reddit,twitter,1,0.01
8411,twitter,Reddit,1,0.01
8419,4chan,Reddit,1,0.04
8440,twitter,Reddit,1,0.01
8485,twitter,Reddit,1,0.01
8523,Reddit,Facebook,1,0.01
8533,4chan,Reddit,1,0.04
8534,Reddit,Facebook,1,0.01